,shopping,total_de_lojas,total_ABL_m2,area_influencia_km2,quantidade_domicilios_mil,potencial_de_consumo_milhoes
0,0,389,15256,7,7,1369
1,1,540,36750,6,10,986
2,2,394,33647,5,8,1275
3,3,365,16543,4,12,1167
4,4,319,30950,3,10,616
5,5,214,27623,3,7,872
6,6,196,26778,4,10,1273
7,7,429,27709,2,10,942
8,8,417,29689,6,9,1249
9,9,136,18748,4,11,814
10,10,201,34222,5,9,812
11,11,389,28407,5,8,1023
12,12,392,25344,5,8,808
13,13,340,33977,3,9,1169
14,14,146,19428,5,9,1172
15,15,235,26231,3,10,1155
16,16,293,22216,6,9,738
17,17,379,29925,5,13,1138
18,18,355,30229,3,10,1515
19,19,339,31228,7,5,1007
20,20,381,23433,5,10,1181
21,21,384,15595,4,11,1008
22,22,354,26834,3,13,1052
23,23,410,25728,6,12,1042
24,24,451,19887,5,14,839
25,25,324,25306,5,14,888
26,26,325,18522,6,11,970
27,27,360,34035,5,7,906
28,28,433,24362,5,14,1433
29,29,353,35012,5,9,744
30,30,232,31179,6,6,548
31,31,238,13800,3,9,459
32,32,604,17924,5,7,1525
33,33,277,12958,2,9,944
34,34,252,22429,5,8,506
35,35,369,24346,5,5,1380
36,36,347,30972,4,8,898
37,37,274,29869,6,5,773
38,38,394,21521,3,7,341
39,39,223,24091,5,12,598
40,40,422,29155,6,11,732
41,41,353,27241,5,11,854
42,42,337,32395,4,9,829
43,43,491,29027,5,6,1205
44,44,556,17641,6,9,1237
45,45,439,19019,6,9,1167
46,46,289,27522,5,4,823
47,47,300,22725,5,11,1347
48,48,455,26581,4,10,833
49,49,462,24965,7,6,1204
50,50,392,23447,4,9,1057
51,51,270,20810,5,13,1021
52,52,414,33603,5,8,830
53,53,278,31449,5,9,965
54,54,381,19432,3,14,996
55,55,357,25828,7,14,788
56,56,325,25888,6,9,892
57,57,470,36285,4,6,1137
58,58,528,21118,4,8,949
59,59,304,22673,4,9,921
60,60,398,12775,4,10,1411
61,61,252,16141,7,9,1093
62,62,222,17568,6,10,915
63,63,356,28308,5,10,877
64,64,480,8131,4,14,1239
65,65,290,28191,4,8,1291
66,66,436,22744,5,12,879
67,67,212,14203,5,10,563
68,68,385,27159,6,13,1067
69,69,398,33051,5,7,772
70,70,349,18737,3,6,1039
71,71,353,23383,3,8,1013
72,72,235,26831,7,10,987
73,73,184,26879,4,7,1213
74,74,370,26167,4,7,642
75,75,476,20464,2,8,328
76,76,272,28726,6,12,1072
77,77,419,33053,5,8,1168
78,78,335,22159,4,6,976
79,79,299,29634,3,15,591
80,80,361,30879,3,10,888
81,81,413,26262,3,6,894
82,82,341,30868,2,7,1386
83,83,253,34571,5,9,1056
84,84,221,20299,4,10,809
85,85,322,23225,5,5,960
86,86,389,32447,4,14,406
87,87,327,10166,5,15,263
88,88,353,27674,5,9,432
89,89,402,22716,4,4,900
90,90,286,36638,3,7,776
91,91,408,19527,2,11,1107
92,92,329,17537,5,6,1074
93,93,449,24443,7,6,1119
94,94,365,25384,4,11,992
95,95,353,29190,6,8,1210
96,96,508,21359,4,8,1411
97,97,248,32673,3,9,756
98,98,419,29067,4,5,1028
99,99,474,29039,5,10,962
100,100,169,25984,5,12,1030
101,101,556,27353,3,10,1206
102,102,232,14823,3,7,755
103,103,345,18663,3,8,759
104,104,395,28294,3,10,848
105,105,351,20304,4,14,989
106,106,476,22353,4,8,1239
107,107,343,21940,4,15,1105
108,108,266,30598,7,10,855
109,109,319,36306,3,13,1134
110,110,432,25441,4,12,1290
111,111,198,28652,5,12,777
112,112,168,30290,4,10,684
113,113,416,25564,5,13,693
114,114,446,18638,5,9,1038
115,115,334,28594,7,10,1155
116,116,297,20937,6,12,1086
117,117,311,23723,4,9,894
118,118,241,19650,3,11,1236
119,119,394,42826,3,10,1209
120,120,371,30330,5,8,1261
121,121,376,32151,5,8,1185
122,122,287,34945,6,11,851
123,123,371,36939,3,11,1162
124,124,390,11467,2,10,1116
125,125,360,26405,4,3,1221
126,126,374,20986,6,11,1050
127,127,438,30746,7,12,717
128,128,305,29860,5,12,1013
129,129,246,23924,4,9,1197
130,130,396,26845,4,15,926
131,131,360,22767,5,10,738
132,132,404,30370,5,6,1154
133,133,341,25862,5,9,1111
134,134,226,32311,5,11,1250
135,135,367,24479,3,10,662
136,136,287,29694,1,5,1131
137,137,339,26216,5,8,692
138,138,413,20818,1,12,812
139,139,335,29493,4,14,1122
140,140,140,11543,2,7,625
141,141,334,31915,1,14,1164
142,142,318,27674,3,11,870
143,143,283,27949,4,5,826
144,144,330,17555,4,8,458
145,145,299,16263,6,10,648
146,146,356,21891,3,7,1098
147,147,336,15471,4,14,1242
148,148,403,19590,5,7,387
149,149,507,22559,4,7,1167
150,150,409,22607,6,8,862
151,151,287,30851,6,9,998
152,152,376,21374,7,7,584
153,153,315,26502,5,7,1138
154,154,231,27548,5,9,772
155,155,396,8145,5,11,896
156,156,299,28550,4,8,935
157,157,305,28055,7,8,1049
158,158,339,24836,5,14,856
159,159,374,31244,5,9,611
160,160,323,20088,5,11,1081
161,161,259,17860,5,9,610
162,162,465,22539,4,11,1093
163,163,55,22601,6,10,1192
164,164,435,41652,3,4,845
165,165,321,17240,2,10,770
166,166,231,27334,5,14,1427
167,167,204,28022,6,9,798
168,168,599,20796,3,9,943
169,169,374,25708,5,13,1081
170,170,313,23722,5,9,690
171,171,308,24135,4,7,549
172,172,354,29737,6,8,766
173,173,293,22337,5,7,752
174,174,533,41118,4,8,635
175,175,357,18302,3,6,1101
176,176,365,19265,3,12,1315
177,177,426,26939,4,10,1104
178,178,276,28774,4,7,843
179,179,515,30044,3,11,608
180,180,375,27127,6,11,811
181,181,441,10001,5,9,1167
182,182,501,21364,3,9,1257
183,183,305,26817,7,16,1074
184,184,335,29751,5,7,697
185,185,395,38796,7,8,979
186,186,438,9489,5,9,1101
187,187,277,33069,4,8,1049
188,188,452,25504,5,13,861
189,189,409,14789,4,8,756
190,190,430,34223,3,11,781
191,191,326,28000,5,10,1136
192,192,172,21749,4,8,1013
193,193,513,27409,4,12,1039
194,194,337,28626,5,12,1038
195,195,192,23123,5,9,1427
196,196,440,35086,5,12,917
197,197,593,32478,5,10,978
198,198,220,22676,4,12,998
199,199,270,16635,5,10,1074
200,200,299,30984,6,7,988
201,201,251,18080,5,10,721
202,202,254,27952,2,9,1227
203,203,200,14449,5,15,1095
204,204,482,25823,5,8,934
205,205,380,22394,5,9,1011
206,206,242,36622,3,9,1117
207,207,365,10431,4,11,1017
208,208,432,36458,5,13,1046
209,209,406,31118,6,9,1163
210,210,184,19900,2,9,464
211,211,298,14730,4,10,604
212,212,227,24878,6,9,882
213,213,357,25708,5,8,1539
214,214,350,37995,3,8,872
215,215,310,24376,5,15,1309
216,216,423,25255,7,11,1146
217,217,561,27742,2,12,1222
218,218,228,34708,4,10,1074
219,219,348,26564,5,8,702
220,220,360,29043,6,7,1158
221,221,399,30246,4,10,1217
222,222,327,23627,6,11,910
223,223,336,34703,6,7,1289
224,224,391,28511,6,10,771
225,225,168,31185,6,9,1392
226,226,254,23106,4,11,1297
227,227,327,35192,5,10,1027
228,228,354,24064,6,13,967
229,229,318,27072,5,12,959
230,230,376,17661,7,16,1141
231,231,296,30706,3,13,1559
232,232,360,36273,4,10,875
233,233,390,34386,5,9,1187
234,234,529,16530,3,12,1094
235,235,331,14679,6,11,1460
236,236,402,18298,4,11,1348
237,237,419,19220,4,7,1202
238,238,297,32324,4,14,657
239,239,319,25263,2,11,875
240,240,391,36002,3,4,703
241,241,372,25985,4,11,972
242,242,317,31294,2,11,862
243,243,248,24060,4,12,827
244,244,317,31594,5,8,877
245,245,306,28986,4,7,495
246,246,446,32336,4,8,1030
247,247,425,34544,4,9,1091
248,248,344,33613,4,11,722
249,249,427,29977,3,10,879
250,250,179,30531,6,10,1095
251,251,231,21366,4,11,961
252,252,455,32408,3,10,821
253,253,296,17816,7,6,584
254,254,550,13583,6,6,586
255,255,379,22648,4,7,917
256,256,249,30599,5,7,607
257,257,334,20271,4,9,1028
258,258,202,32823,4,9,764
259,259,151,22836,4,10,1136
260,260,521,18431,6,9,1037
261,261,134,26180,5,10,1139
262,262,248,29161,4,5,911
263,263,197,33464,4,7,561
264,264,342,23526,6,6,406
265,265,265,22105,5,8,768
266,266,210,20435,3,13,808
267,267,274,33491,5,11,1334
268,268,285,35878,5,8,990
269,269,413,17305,3,11,1510
270,270,257,18258,4,12,941
271,271,422,27811,4,11,1547
272,272,292,18756,4,12,1052
273,273,403,27220,4,8,1094
274,274,367,26358,5,8,1136
275,275,321,26462,4,11,1027
276,276,469,29236,6,7,613
277,277,428,30240,5,11,1273
278,278,558,35439,4,13,890
279,279,609,22955,3,7,956
280,280,420,34204,6,10,1517
281,281,364,21182,5,7,375
282,282,345,29037,7,9,826
283,283,356,26961,4,13,1434
284,284,418,23113,5,11,1082
285,285,423,27330,6,11,1137
286,286,413,29202,5,11,1102
287,287,428,27531,8,12,959
288,288,439,35537,6,10,1156
289,289,259,28954,3,6,813
290,290,386,36034,2,6,838
291,291,288,38054,3,7,1227
292,292,358,24018,3,7,1291
293,293,313,21119,6,10,1124
294,294,233,32953,1,9,1032
295,295,477,19518,4,11,735
296,296,510,27634,3,6,1244
297,297,233,26696,5,10,888
298,298,491,28973,4,5,1091
299,299,321,19424,3,9,1277
300,300,321,17906,4,12,991
301,301,344,31321,5,6,897
302,302,313,26289,6,9,861
303,303,344,23645,7,6,1748
304,304,503,38423,5,10,1294
305,305,405,25775,5,8,1202
306,306,286,32645,3,7,989
307,307,466,36689,4,7,1160
308,308,324,20096,4,9,1000
309,309,475,23204,5,6,1076
310,310,528,18697,5,12,1381
311,311,284,21288,4,11,913
312,312,280,34941,6,6,1271
313,313,421,36966,4,7,1052
314,314,185,36567,4,14,671
315,315,355,22291,3,9,694
316,316,358,17220,5,10,515
317,317,389,17995,4,6,783
318,318,310,25465,5,10,869
319,319,264,41166,6,10,1177
320,320,316,38997,3,9,977
321,321,434,19238,4,10,1096
322,322,293,24859,4,7,788
323,323,238,25088,3,11,1085
324,324,297,32798,6,12,746
325,325,259,26066,4,13,927
326,326,304,31918,7,8,784
327,327,454,25723,3,7,1098
328,328,233,29295,3,12,1432
329,329,361,34382,4,7,1218
330,330,399,26025,6,10,1238
331,331,355,21875,5,8,1135
332,332,394,29490,4,15,847
333,333,284,22231,3,13,1186
334,334,432,30472,4,12,985
335,335,264,23338,5,13,1048
336,336,164,24852,6,12,1179
337,337,335,25910,4,10,724
338,338,391,25254,5,8,1369
339,339,414,24865,5,11,661
340,340,340,24748,8,8,750
341,341,343,23524,4,8,721
342,342,306,13861,3,11,1118
343,343,272,13710,2,10,860
344,344,295,25943,2,9,676
345,345,312,27422,5,13,1257
346,346,443,25891,4,8,891
347,347,305,13569,4,12,1049
348,348,281,22671,7,8,647
349,349,337,26812,5,10,915
350,350,338,24705,4,11,904
351,351,376,41098,3,11,776
352,352,293,29584,4,12,1253
353,353,266,27915,4,10,1122
354,354,503,38251,4,10,837
355,355,280,25449,5,8,1155
356,356,343,15204,2,11,978
357,357,344,19285,3,9,1291
358,358,468,12598,4,11,995
359,359,436,25324,6,7,968
360,360,206,25785,7,11,739
361,361,347,23264,5,9,1197
362,362,450,30719,6,13,1151
363,363,380,15032,3,10,1536
364,364,180,20404,3,8,1195
365,365,443,34228,3,8,1122
366,366,400,26825,3,11,1281
367,367,298,25488,6,10,889
368,368,286,16690,5,5,738
369,369,502,29692,6,6,1121
370,370,202,32296,5,12,881
371,371,322,35357,4,10,1556
372,372,465,27675,3,13,1193
373,373,311,21091,5,12,1042
374,374,318,22427,4,11,717
375,375,327,27013,4,12,709
376,376,217,11344,5,10,1103
377,377,293,22127,6,15,1421
378,378,291,13095,3,9,810
379,379,375,18662,2,13,922
380,380,396,27114,4,7,659
381,381,301,23502,6,12,1135
382,382,433,27164,4,13,1259
383,383,321,34312,6,10,1141
384,384,261,24720,4,9,1177
385,385,309,31166,5,10,506
386,386,452,19438,3,7,652
387,387,269,25309,6,9,863
388,388,187,29131,6,7,1401
389,389,265,26778,4,9,879
390,390,354,31961,5,10,751
391,391,428,25549,4,10,1059
392,392,248,19198,3,7,1312
393,393,387,25689,4,12,1148
394,394,474,19452,3,8,549
395,395,194,32928,5,13,1027
396,396,321,37793,4,12,1114
397,397,486,35697,4,6,1333
398,398,332,21081,7,7,1312
399,399,269,7103,5,12,961
400,400,208,20330,5,12,1566
401,401,377,32973,4,9,538
402,402,282,33585,1,10,1484
403,403,297,25376,3,11,1189
404,404,370,8790,2,6,1254
405,405,325,28256,4,8,1213
406,406,347,24475,6,8,1438
407,407,324,24148,5,6,965
408,408,376,23338,6,7,1103
409,409,338,25578,5,10,682
410,410,371,30035,6,12,1178
411,411,472,19868,3,11,1138
412,412,101,22542,5,9,1043
413,413,448,27296,4,8,891
414,414,420,26396,4,12,1172
415,415,261,35028,5,11,1183
416,416,334,19575,3,13,1304
417,417,250,22963,5,12,1215
418,418,372,24991,4,9,932
419,419,307,13588,6,10,1480
420,420,198,23829,4,8,1199
421,421,366,31239,4,9,734
422,422,191,30888,5,11,981
423,423,394,14472,5,8,628
424,424,309,18962,5,6,1101
425,425,291,36345,5,6,810
426,426,367,14212,5,5,1419
427,427,370,24920,6,4,884
428,428,480,26472,3,10,1129
429,429,301,37447,3,11,877
430,430,348,25489,2,10,1461
431,431,405,32239,3,8,820
432,432,391,16055,4,13,741
433,433,354,19968,4,8,1272
434,434,321,33187,3,7,926
435,435,396,29696,7,10,991
436,436,389,31193,7,8,1204
437,437,345,32874,4,7,1411
438,438,246,29834,6,6,915
439,439,347,20919,6,11,1088
440,440,422,34420,6,11,1404
441,441,344,36105,6,9,1196
442,442,261,24037,5,12,796
443,443,433,17763,5,16,1338
444,444,391,31541,5,8,757
445,445,590,27402,6,11,1237
446,446,263,28294,3,10,859
447,447,392,21262,3,7,877
448,448,405,26973,5,15,450
449,449,339,23985,5,8,1104
450,450,387,19942,5,13,1560
451,451,253,35573,3,12,1045
452,452,301,31837,5,8,1311
453,453,349,19755,3,12,867
454,454,304,35697,5,9,785
455,455,221,29164,5,10,1140
456,456,421,17531,5,7,919
457,457,377,31482,4,7,914
458,458,354,23326,3,7,1330
459,459,429,36462,7,7,823
460,460,313,27736,5,10,986
461,461,365,21751,5,13,942
462,462,313,29749,5,12,704
463,463,449,32422,4,7,912
464,464,170,32697,4,7,1155
465,465,419,34309,6,8,591
466,466,154,18209,5,9,795
467,467,414,26450,4,9,931
468,468,425,26237,4,15,723
469,469,396,28028,1,10,833
470,470,349,32508,3,11,877
471,471,261,28033,5,8,1253
472,472,273,16515,6,6,506
473,473,223,20427,4,13,983
474,474,309,12792,1,12,1322
475,475,369,28528,5,6,377
476,476,346,33376,4,8,647
477,477,430,21506,5,8,934
478,478,284,21463,6,11,743
479,479,385,29843,6,8,1465
480,480,173,38243,2,8,973
481,481,407,36550,5,12,890
482,482,524,18496,4,13,673
483,483,345,15667,4,8,1004
484,484,393,24325,4,8,1031
485,485,242,28448,4,9,1426
486,486,339,34491,5,10,1115
487,487,395,16546,5,6,594
488,488,371,34427,5,10,1117
489,489,414,18541,5,13,1434
490,490,312,26344,2,13,1222
491,491,451,21628,3,10,1412
492,492,262,33828,6,10,1157
493,493,265,15534,3,7,955
494,494,399,31968,5,13,1654
495,495,345,18457,4,9,1546
496,496,370,23908,4,14,1194
497,497,264,23711,5,12,1140
498,498,277,19946,6,8,1381
499,499,129,25049,3,9,811
500,500,334,15821,5,6,1364
501,501,345,34245,4,8,1169
502,502,516,34300,4,10,1534
503,503,263,28919,5,12,1047
504,504,413,30501,4,13,1247
505,505,547,29326,5,9,1238
506,506,373,28359,3,10,1134
507,507,367,27433,6,10,1031
508,508,314,30808,6,12,1022
509,509,423,14980,6,7,979
510,510,398,17019,3,12,882
511,511,455,25170,5,12,1371
512,512,304,30915,3,8,617
513,513,405,24254,5,10,1193
514,514,460,25595,4,9,1476
515,515,354,25390,5,15,838
516,516,436,19989,4,13,1024
517,517,352,25685,5,10,1297
518,518,381,32098,5,7,1203
519,519,351,29241,5,9,1112
520,520,463,31284,4,11,700
521,521,415,21601,4,8,807
522,522,210,30824,5,15,738
523,523,340,15417,6,6,1049
524,524,396,26790,5,9,1257
525,525,389,16192,6,9,1213
526,526,402,33438,5,12,1129
527,527,370,20480,5,7,813
528,528,263,26126,5,12,1224
529,529,331,19608,6,7,1038
530,530,311,17757,6,13,1417
531,531,448,25294,4,14,1354
532,532,272,24687,7,11,1596
533,533,300,35554,2,9,976
534,534,449,34827,4,10,300
535,535,374,29095,5,11,948
536,536,483,24881,4,3,585
537,537,258,19580,3,9,804
538,538,404,27575,3,8,890
539,539,304,29350,4,14,748
540,540,384,12268,5,7,1086
541,541,495,26707,4,6,1113
542,542,441,24124,4,8,989
543,543,403,29755,2,7,1070
544,544,470,19746,4,10,512
545,545,441,25954,3,7,578
546,546,346,28141,5,9,959
547,547,216,21686,5,5,924
548,548,236,19567,4,7,626
549,549,234,18774,5,12,1116
550,550,493,29769,3,11,1437
551,551,377,37297,4,11,875
552,552,288,28298,5,10,1390
553,553,381,18592,5,13,807
554,554,185,25079,5,6,655
555,555,437,23956,3,9,1081
556,556,403,32274,7,9,838
557,557,399,29269,5,11,780
558,558,235,26141,2,11,1155
559,559,282,27877,5,13,1053
560,560,357,17855,2,8,957
561,561,410,18744,5,6,285
562,562,339,27364,5,11,1008
563,563,281,25555,7,9,752
564,564,200,13021,6,8,760
565,565,399,19052,7,8,629
566,566,349,33341,4,9,1013
567,567,302,22483,4,8,907
568,568,275,36888,3,8,1395
569,569,311,26275,3,11,975
570,570,394,25180,4,11,1456
571,571,277,30864,6,11,1191
572,572,380,25665,4,12,680
573,573,357,28860,5,10,827
574,574,262,26201,5,9,682
575,575,378,23327,3,6,1032
576,576,346,16803,4,10,1284
577,577,199,30479,6,11,1490
578,578,479,32577,4,8,633
579,579,308,32076,5,5,1126
580,580,285,22243,5,9,1275
581,581,363,39534,4,4,1239
582,582,350,19421,4,11,397
583,583,400,33373,5,9,720
584,584,288,16975,6,6,1130
585,585,303,16922,5,9,951
586,586,244,21398,5,9,955
587,587,334,26782,7,7,968
588,588,447,29370,3,15,1100
589,589,369,22488,5,10,361
590,590,463,30324,3,13,578
591,591,506,29895,7,7,1069
592,592,219,36453,5,7,568
593,593,314,26467,5,14,752
594,594,199,29660,4,8,492
595,595,396,24269,3,8,950
596,596,290,28905,3,13,911
597,597,319,17687,6,13,1134
598,598,414,32032,4,7,1137
599,599,293,28697,3,12,864
600,600,455,19206,4,12,1006
601,601,467,17763,6,10,1402
602,602,415,18669,6,11,578
603,603,313,17915,4,6,386
604,604,471,28341,6,10,1124
605,605,400,30455,3,8,1081
606,606,423,32240,3,9,1167
607,607,372,25064,8,8,1154
608,608,368,25113,6,12,371
609,609,645,30011,4,10,1416
610,610,325,16244,4,7,1173
611,611,373,20034,5,7,1087
612,612,354,30254,5,8,1288
613,613,539,20068,6,13,1317
614,614,488,29973,4,12,817
615,615,199,29402,5,7,1010
616,616,397,24463,3,12,745
617,617,356,22410,3,14,1227
618,618,337,28142,4,11,1069
619,619,343,20059,5,12,1063
620,620,356,31941,4,8,915
621,621,456,33325,5,10,549
622,622,324,28371,5,10,899
623,623,390,20167,3,13,567
624,624,459,22933,4,11,977
625,625,318,27158,5,9,1090
626,626,392,30642,5,11,1019
627,627,516,25409,3,10,691
628,628,295,19009,5,7,1328
629,629,226,36785,4,5,1401
630,630,319,25265,4,10,1149
631,631,449,31393,5,9,938
632,632,293,25143,4,5,1143
633,633,266,31668,6,11,1340
634,634,579,24193,3,14,994
635,635,243,35333,5,8,847
636,636,469,22662,5,7,746
637,637,315,25739,4,5,825
638,638,360,17130,4,15,1240
639,639,526,27622,7,7,921
640,640,314,21726,3,6,586
641,641,317,34286,3,8,1122
642,642,415,25724,5,10,1019
643,643,286,16542,4,11,697
644,644,435,24940,6,9,1398
645,645,437,25066,4,13,948
646,646,117,32269,4,7,1213
647,647,169,24055,5,13,1039
648,648,338,39271,5,5,1465
649,649,332,23817,4,11,813
650,650,393,18452,6,6,1065
651,651,77,15642,4,7,677
652,652,411,19471,5,13,936
653,653,448,27178,7,10,1056
654,654,410,29385,3,11,1339
655,655,259,35826,4,10,1105
656,656,457,23803,2,15,915
657,657,252,23375,6,9,1072
658,658,348,21560,4,12,1094
659,659,387,32767,6,6,451
660,660,334,31581,4,10,699
661,661,485,23128,5,14,907
662,662,554,17486,4,9,729
663,663,346,29736,3,6,1001
664,664,265,18767,7,13,1050
665,665,338,33367,4,8,1231
666,666,248,36489,6,8,647
667,667,393,21355,3,10,1100
668,668,397,14385,6,6,1332
669,669,267,34312,5,8,1265
670,670,238,33737,1,11,919
671,671,268,29803,6,8,833
672,672,206,26724,5,11,1024
673,673,388,33724,5,9,751
674,674,229,27620,6,15,1149
675,675,271,26011,3,10,1714
676,676,434,15713,5,12,735
677,677,358,34391,6,10,811
678,678,436,23487,4,8,747
679,679,339,40465,5,9,974
680,680,384,26738,6,14,697
681,681,452,19650,4,6,938
682,682,384,22482,5,6,1034
683,683,545,21274,2,8,1221
684,684,391,24278,4,8,910
685,685,419,33256,5,10,719
686,686,452,15148,4,6,457
687,687,308,32596,3,11,921
688,688,246,25600,5,11,1380
689,689,392,29280,5,13,794
690,690,307,31215,7,10,866
691,691,224,23666,5,6,763
692,692,165,41413,7,9,1375
693,693,391,24262,5,8,1315
694,694,171,15819,4,12,857
695,695,216,25558,5,11,917
696,696,161,30262,5,12,1174
697,697,420,18659,5,10,1045
698,698,276,22737,4,12,1189
699,699,331,27078,5,8,1211
700,700,371,37878,4,11,991
701,701,555,12934,3,13,961
702,702,335,29990,4,11,1294
703,703,279,27111,7,9,1230
704,704,409,38817,4,10,822
705,705,362,19757,3,11,1353
706,706,244,14833,4,8,1163
707,707,235,19701,3,15,1211
708,708,197,26291,3,9,911
709,709,458,20033,2,6,1071
710,710,542,13464,7,10,1390
711,711,393,41724,3,11,667
712,712,478,34106,4,10,913
713,713,302,31125,3,9,563
714,714,331,23166,4,9,909
715,715,290,18931,3,8,686
716,716,426,33616,3,10,872
717,717,384,28625,2,13,738
718,718,292,25423,6,10,1503
719,719,463,33952,4,8,738
720,720,231,24126,5,11,1082
721,721,427,30342,5,8,1053
722,722,236,36031,5,12,1267
723,723,404,32034,6,11,1030
724,724,450,33204,3,9,783
725,725,206,35578,5,6,944
726,726,173,20758,3,6,978
727,727,415,33565,3,8,809
728,728,388,26641,3,9,1091
729,729,246,33654,5,9,529
730,730,453,25498,4,10,1051
731,731,410,27667,4,6,740
732,732,421,18130,4,10,1344
733,733,474,29281,6,5,939
734,734,252,29301,5,11,854
735,735,295,13702,4,9,906
736,736,258,33953,5,6,832
737,737,304,22878,5,15,977
738,738,273,39564,6,10,889
739,739,447,27879,3,7,1451
740,740,377,27957,6,10,1139
741,741,381,25493,2,8,1175
742,742,276,19948,5,12,703
743,743,446,30856,3,11,937
744,744,535,26026,6,5,371
745,745,385,34358,4,15,1055
746,746,279,25784,6,5,1229
747,747,393,36754,5,5,972
748,748,446,20178,5,10,761
749,749,403,28606,6,7,1180
750,750,365,18138,7,8,1082
751,751,422,12703,4,10,852
752,752,368,28114,3,7,763
753,753,487,19025,5,12,907
754,754,332,23834,6,9,1042
755,755,323,17995,4,13,871
756,756,398,31650,7,13,1337
757,757,380,28393,5,7,1442
758,758,245,27244,6,12,1182
759,759,311,21841,5,13,1351
760,760,301,18813,4,8,907
761,761,119,16921,4,9,1250
762,762,547,23783,4,10,899
763,763,314,33889,6,10,941
764,764,327,15383,4,8,787
765,765,359,19774,3,9,171
766,766,267,21701,4,11,760
767,767,318,29672,3,10,1154
768,768,244,18830,6,4,768
769,769,317,37616,5,7,1061
770,770,370,35151,5,10,1008
771,771,246,20430,6,9,1103
772,772,359,28319,5,11,1138
773,773,400,32545,4,10,1075
774,774,445,26920,4,6,1405
775,775,372,28705,6,13,1099
776,776,441,20699,4,9,1160
777,777,416,20460,4,9,1076
778,778,319,24964,6,9,873
779,779,462,28150,4,5,985
780,780,310,19324,5,10,895
781,781,388,27119,6,10,1083
782,782,320,29556,4,8,986
783,783,302,6483,2,6,1066
784,784,294,20115,3,8,553
785,785,238,20115,5,10,1185
786,786,295,21935,3,9,1555
787,787,551,39790,4,14,826
788,788,352,30782,7,6,685
789,789,344,27485,4,10,1121
790,790,199,21634,6,6,893
791,791,426,23424,4,9,972
792,792,420,27413,3,12,672
793,793,333,27018,3,11,893
794,794,335,42793,5,7,816
795,795,260,33259,5,17,1058
796,796,469,28788,5,9,920
797,797,208,32953,7,9,1002
798,798,239,36965,5,7,1242
799,799,236,25802,7,10,1153
800,800,314,18960,6,10,958
801,801,459,27087,6,14,847
802,802,310,25844,3,9,1005
803,803,450,28103,4,10,1212
804,804,403,28952,6,2,1224
805,805,317,33158,3,11,947
806,806,373,40521,3,9,674
807,807,365,25825,5,10,884
808,808,298,21025,3,12,1032
809,809,318,24653,5,12,1411
810,810,383,18655,3,11,1105
811,811,441,21289,4,6,1301
812,812,476,30077,4,13,843
813,813,374,23078,5,5,1097
814,814,365,18479,7,14,808
815,815,318,16784,5,10,678
816,816,366,32150,5,8,1563
817,817,313,24962,3,4,797
818,818,287,25265,5,6,1139
819,819,435,31285,5,11,842
820,820,344,37410,5,8,934
821,821,466,15390,5,6,1018
822,822,298,37006,4,4,1149
823,823,280,9683,4,5,1266
824,824,348,31419,5,7,689
825,825,364,32841,5,11,1256
826,826,414,28457,4,9,1347
827,827,198,36109,6,11,565
828,828,233,23265,7,12,1246
829,829,486,27417,6,12,1036
830,830,410,33490,3,10,1169
831,831,293,14698,1,4,1052
832,832,379,26954,5,9,1161
833,833,455,21017,5,9,530
834,834,422,29679,5,14,1362
835,835,389,29885,7,14,1150
836,836,402,28408,5,7,912
837,837,461,28228,4,12,344
838,838,396,37550,5,14,933
839,839,325,21753,6,8,328
840,840,311,25785,4,8,1179
841,841,285,25646,5,8,1161
842,842,301,37219,6,8,1578
843,843,242,35473,5,8,551
844,844,271,18679,4,8,903
845,845,372,28170,6,11,1131
846,846,274,17614,4,4,1051
847,847,368,25327,6,9,1128
848,848,309,24965,4,10,1170
849,849,332,27938,4,7,1293
850,850,311,27688,4,12,1100
851,851,290,21397,4,5,1226
852,852,411,24416,6,12,1096
853,853,320,25937,4,6,1073
854,854,354,30611,3,10,789
855,855,333,37277,5,5,870
856,856,381,28699,5,6,508
857,857,238,29637,3,10,417
858,858,401,26892,3,8,1117
859,859,392,30385,5,7,569
860,860,381,28560,3,11,1134
861,861,319,15929,5,12,1177
862,862,204,27726,2,6,1062
863,863,210,22105,7,9,1083
864,864,329,36722,3,13,647
865,865,350,18238,4,11,806
866,866,352,16528,6,14,1351
867,867,443,17032,5,6,863
868,868,345,31974,3,8,1072
869,869,363,30092,5,13,681
870,870,411,20044,5,3,1014
871,871,292,23587,4,15,1157
872,872,364,19685,6,9,756
873,873,369,20759,3,10,888
874,874,325,28834,5,10,1043
875,875,397,19729,5,8,1246
876,876,268,32032,6,9,1176
877,877,538,26596,4,11,743
878,878,238,24200,5,15,576
879,879,362,21671,4,8,1040
880,880,300,26650,8,8,1047
881,881,386,23017,6,8,1566
882,882,265,25885,5,5,956
883,883,308,29137,6,6,1223
884,884,345,20779,5,10,946
885,885,386,24720,3,7,930
886,886,449,26539,4,10,942
887,887,333,26631,4,10,1012
888,888,286,18256,6,6,1215
889,889,282,31052,4,9,1058
890,890,385,17249,6,3,927
891,891,568,29624,5,10,681
892,892,310,27260,1,14,1378
893,893,406,22028,7,10,677
894,894,476,16911,5,5,783
895,895,328,10039,4,9,558
896,896,172,36672,5,9,1073
897,897,458,33301,5,9,1211
898,898,266,21534,5,8,1273
899,899,415,29349,5,11,642
900,900,357,24605,5,11,1405
901,901,260,25351,5,13,824
902,902,347,23600,3,13,679
903,903,355,28590,5,11,617
904,904,433,26293,3,13,1293
905,905,303,22985,1,10,1165
906,906,410,27573,4,10,661
907,907,416,11614,4,6,1337
908,908,335,23446,5,11,957
909,909,361,19451,4,10,1679
910,910,298,27357,4,11,845
911,911,337,34547,4,10,940
912,912,323,38819,5,10,900
913,913,289,22942,6,15,1074
914,914,261,43765,6,5,1290
915,915,401,18308,3,9,473
916,916,404,32667,5,11,461
917,917,305,27973,6,10,1202
918,918,369,30051,5,10,1146
919,919,355,20153,5,6,978
920,920,138,36194,5,9,901
921,921,240,29731,4,14,976
922,922,296,33692,4,8,1084
923,923,434,17244,5,9,1037
924,924,405,20438,4,9,1345
925,925,413,38313,4,2,904
926,926,391,24384,5,9,578
927,927,315,29427,5,10,599
928,928,516,25961,4,13,871
929,929,294,27291,6,7,915
930,930,376,28824,6,9,880
931,931,359,21314,5,9,1244
932,932,386,34046,5,7,762
933,933,376,20887,4,9,1037
934,934,331,20528,5,11,1092
935,935,326,20804,4,13,622
936,936,403,30886,5,7,1371
937,937,409,23487,3,12,1240
938,938,428,22529,5,12,1139
939,939,189,25929,6,8,1415
940,940,304,27449,4,13,1182
941,941,236,35665,5,9,1256
942,942,408,21270,4,8,857
943,943,285,33672,4,12,1056
944,944,359,35247,5,10,980
945,945,341,19275,5,12,1347
946,946,408,28793,4,11,1193
947,947,351,18039,7,5,1000
948,948,461,27540,6,9,897
949,949,235,32589,4,5,924
950,950,323,30106,2,9,1217
951,951,443,14019,5,5,1133
952,952,368,22081,6,6,929
953,953,447,39460,5,14,965
954,954,308,21075,6,12,916
955,955,329,23418,6,12,1037
956,956,265,22630,5,9,908
957,957,433,24212,4,7,952
958,958,395,28583,3,12,819
959,959,219,28185,4,10,753
960,960,484,23465,6,13,516
961,961,308,28505,3,3,1134
962,962,421,25443,4,10,1238
963,963,285,19840,5,8,1206
964,964,301,20175,6,11,1078
965,965,377,23292,5,6,977
966,966,240,16080,3,5,1400
967,967,305,33104,2,13,774
968,968,202,29995,4,9,854
969,969,304,21664,5,9,924
970,970,246,30079,6,13,636
971,971,497,18279,6,9,1100
972,972,510,26336,3,6,781
973,973,355,31823,2,9,1190
974,974,369,27944,3,8,905
975,975,361,27954,6,11,960
976,976,391,30664,6,4,553
977,977,338,37853,5,11,967
978,978,399,31608,2,10,1104
979,979,437,35367,5,10,1154
980,980,204,28981,3,14,963
981,981,668,28137,7,10,1476
982,982,254,30495,4,11,830
983,983,608,32247,4,10,942
984,984,455,15958,3,7,1122
985,985,435,36000,5,10,1153
986,986,515,25731,4,10,874
987,987,364,19430,6,11,1207
988,988,360,36801,6,6,1382
989,989,347,15644,4,11,842
990,990,280,31331,3,12,1100
991,991,292,27980,5,7,1707
992,992,390,26096,5,13,1330
993,993,364,21711,4,14,1272
994,994,403,27222,5,6,1414
995,995,358,27612,6,6,972
996,996,289,29738,5,7,860
997,997,230,34141,4,16,710
998,998,365,28738,4,3,518
999,998,327,16488,5,8,1028
