indice,segmento,quantidade_minima_domicilios,potencial_consumo_min,tamanho_loja_min,tamanho_loja_max,tamanho_min_frente,corredor,fluxo_minimo_pessoas_min
1,7,8086,765,33,41,3.9,4,5
2,2,7945,767,26,48,4,1,5
3,3,8159,758,31,41,4.2,5,6
4,7,8228,787,33,47,3.8,2,5
5,1,7859,766,31,45,4.2,2,4
6,6,8338,770,34,48,4.1,1,4
7,5,8362,766,30,41,4.1,4,5
8,1,7727,762,29,50,4.2,5,5
9,4,8315,794,32,44,4.1,3,6
10,4,8430,757,27,44,3.8,5,5
11,7,8066,791,30,49,3.8,3,6
12,4,7803,758,32,41,3.8,2,4
13,1,7623,757,28,42,3.8,4,6
14,7,8336,770,28,44,4.1,1,5
15,5,7989,797,35,44,3.8,3,4
16,9,8063,785,34,50,4,2,4
17,8,8296,775,35,48,3.9,1,4
18,2,7952,797,35,41,3.9,4,4
19,4,8220,777,26,40,3.9,3,5
20,7,7762,789,28,40,4.1,3,6
21,2,8184,768,25,42,4,4,6
22,7,7521,755,26,50,3.9,1,5
23,7,8209,773,33,49,3.8,5,5
24,9,8262,792,32,40,4,4,4
25,4,7691,751,31,41,3.8,3,5
26,1,7938,797,34,41,4,3,4
27,9,7658,783,28,42,3.9,1,6
28,1,8119,754,34,41,3.9,4,4
29,8,7662,782,26,40,4.2,3,6
30,9,8441,792,28,42,3.8,1,4
31,7,8040,780,32,47,3.8,1,4
32,7,7707,799,26,49,4,5,6
33,5,7630,755,31,45,3.8,4,6
34,4,7835,779,35,50,3.9,1,6
35,7,7952,786,29,44,4.1,3,4
36,6,8444,764,27,48,4.2,5,6
37,4,8267,794,28,50,4.1,4,6
38,8,7803,791,29,44,3.8,2,6
39,10,8433,772,26,43,4,1,4
40,5,8437,751,30,42,3.9,3,4
41,7,8119,766,33,49,3.8,3,4
42,6,7656,776,34,45,4,2,5
43,2,7856,753,25,44,4.1,1,6
44,5,7513,767,32,41,3.8,3,4
45,1,7998,753,33,46,3.8,5,4
46,7,8086,765,33,41,3.9,4,5
47,2,7945,767,26,48,4,1,5
48,3,8159,758,31,41,4.2,5,6
49,7,8228,787,33,47,3.8,2,5
50,1,7859,766,31,45,4.2,2,4
51,6,8338,770,34,48,4.1,1,4
52,5,8362,766,30,41,4.1,4,5
53,1,7727,762,29,50,4.2,5,5
54,4,8315,794,32,44,4.1,3,6
55,4,8430,757,27,44,3.8,5,5
56,7,8066,791,30,49,3.8,3,6
57,4,7803,758,32,41,3.8,2,4
58,1,7623,757,28,42,3.8,4,6
59,7,8336,770,28,44,4.1,1,5
60,5,7989,797,35,44,3.8,3,4
61,9,8063,785,34,50,4,2,4
62,8,8296,775,35,48,3.9,1,4
63,2,7952,797,35,41,3.9,4,4
64,4,8220,777,26,40,3.9,3,5
65,7,7762,789,28,40,4.1,3,6
66,2,8184,768,25,42,4,4,6
67,7,7521,755,26,50,3.9,1,5
68,7,8209,773,33,49,3.8,5,5
69,9,8262,792,32,40,4,4,4
70,4,7691,751,31,41,3.8,3,5
71,1,7938,797,34,41,4,3,4
72,9,7658,783,28,42,3.9,1,6
73,1,8119,754,34,41,3.9,4,4
74,8,7662,782,26,40,4.2,3,6
75,9,8441,792,28,42,3.8,1,4
76,7,8040,780,32,47,3.8,1,4
77,7,7707,799,26,49,4,5,6
78,5,7630,755,31,45,3.8,4,6
79,4,7835,779,35,50,3.9,1,6
80,7,7952,786,29,44,4.1,3,4
81,6,8444,764,27,48,4.2,5,6
82,4,8267,794,28,50,4.1,4,6
83,8,7803,791,29,44,3.8,2,6
84,10,8433,772,26,43,4,1,4
85,5,8437,751,30,42,3.9,3,4
86,7,8119,766,33,49,3.8,3,4
87,6,7656,776,34,45,4,2,5
88,2,7856,753,25,44,4.1,1,6
89,5,7513,767,32,41,3.8,3,4
90,1,7998,753,33,46,3.8,5,4
91,7,8086,765,33,41,3.9,4,5
92,2,7945,767,26,48,4,1,5
93,3,8159,758,31,41,4.2,5,6
94,7,8228,787,33,47,3.8,2,5
95,1,7859,766,31,45,4.2,2,4
96,6,8338,770,34,48,4.1,1,4
97,5,8362,766,30,41,4.1,4,5
98,1,7727,762,29,50,4.2,5,5
99,4,8315,794,32,44,4.1,3,6
100,4,8430,757,27,44,3.8,5,5
101,7,8066,791,30,49,3.8,3,6
102,4,7803,758,32,41,3.8,2,4
103,1,7623,757,28,42,3.8,4,6
104,7,8336,770,28,44,4.1,1,5
105,5,7989,797,35,44,3.8,3,4
106,9,8063,785,34,50,4,2,4
107,8,8296,775,35,48,3.9,1,4
108,2,7952,797,35,41,3.9,4,4
109,4,8220,777,26,40,3.9,3,5
110,7,7762,789,28,40,4.1,3,6
111,2,8184,768,25,42,4,4,6
112,7,7521,755,26,50,3.9,1,5
113,7,8209,773,33,49,3.8,5,5
114,9,8262,792,32,40,4,4,4
115,4,7691,751,31,41,3.8,3,5
116,1,7938,797,34,41,4,3,4
117,9,7658,783,28,42,3.9,1,6
118,1,8119,754,34,41,3.9,4,4
119,8,7662,782,26,40,4.2,3,6
120,9,8441,792,28,42,3.8,1,4
121,7,8040,780,32,47,3.8,1,4
122,7,7707,799,26,49,4,5,6
123,5,7630,755,31,45,3.8,4,6
124,4,7835,779,35,50,3.9,1,6
125,7,7952,786,29,44,4.1,3,4
126,6,8444,764,27,48,4.2,5,6
127,4,8267,794,28,50,4.1,4,6
128,8,7803,791,29,44,3.8,2,6
129,10,8433,772,26,43,4,1,4
130,5,8437,751,30,42,3.9,3,4
131,7,8119,766,33,49,3.8,3,4
132,6,7656,776,34,45,4,2,5
133,2,7856,753,25,44,4.1,1,6
134,5,7513,767,32,41,3.8,3,4
135,1,7998,753,33,46,3.8,5,4
136,7,8086,765,33,41,3.9,4,5
137,2,7945,767,26,48,4,1,5
138,3,8159,758,31,41,4.2,5,6
139,7,8228,787,33,47,3.8,2,5
140,1,7859,766,31,45,4.2,2,4
141,6,8338,770,34,48,4.1,1,4
142,5,8362,766,30,41,4.1,4,5
143,1,7727,762,29,50,4.2,5,5
144,4,8315,794,32,44,4.1,3,6
145,4,8430,757,27,44,3.8,5,5
146,7,8066,791,30,49,3.8,3,6
147,4,7803,758,32,41,3.8,2,4
148,1,7623,757,28,42,3.8,4,6
149,7,8336,770,28,44,4.1,1,5
150,5,7989,797,35,44,3.8,3,4
151,9,8063,785,34,50,4,2,4
152,8,8296,775,35,48,3.9,1,4
153,2,7952,797,35,41,3.9,4,4
154,4,8220,777,26,40,3.9,3,5
155,7,7762,789,28,40,4.1,3,6
156,2,8184,768,25,42,4,4,6
157,7,7521,755,26,50,3.9,1,5
158,7,8209,773,33,49,3.8,5,5
159,9,8262,792,32,40,4,4,4
160,4,7691,751,31,41,3.8,3,5
161,1,7938,797,34,41,4,3,4
162,9,7658,783,28,42,3.9,1,6
163,1,8119,754,34,41,3.9,4,4
164,8,7662,782,26,40,4.2,3,6
165,9,8441,792,28,42,3.8,1,4
166,7,8040,780,32,47,3.8,1,4
167,7,7707,799,26,49,4,5,6
168,5,7630,755,31,45,3.8,4,6
169,4,7835,779,35,50,3.9,1,6
170,7,7952,786,29,44,4.1,3,4
171,6,8444,764,27,48,4.2,5,6
172,4,8267,794,28,50,4.1,4,6
173,8,7803,791,29,44,3.8,2,6
174,10,8433,772,26,43,4,1,4
175,5,8437,751,30,42,3.9,3,4
176,7,8119,766,33,49,3.8,3,4
177,6,7656,776,34,45,4,2,5
178,2,7856,753,25,44,4.1,1,6
179,5,7513,767,32,41,3.8,3,4
180,1,7998,753,33,46,3.8,5,4
181,7,8086,765,33,41,3.9,4,5
182,2,7945,767,26,48,4,1,5
183,3,8159,758,31,41,4.2,5,6
184,7,8228,787,33,47,3.8,2,5
185,1,7859,766,31,45,4.2,2,4
186,6,8338,770,34,48,4.1,1,4
187,5,8362,766,30,41,4.1,4,5
188,1,7727,762,29,50,4.2,5,5
189,4,8315,794,32,44,4.1,3,6
190,4,8430,757,27,44,3.8,5,5
191,7,8066,791,30,49,3.8,3,6
192,4,7803,758,32,41,3.8,2,4
193,1,7623,757,28,42,3.8,4,6
194,7,8336,770,28,44,4.1,1,5
195,5,7989,797,35,44,3.8,3,4
196,9,8063,785,34,50,4,2,4
197,8,8296,775,35,48,3.9,1,4
198,2,7952,797,35,41,3.9,4,4
199,4,8220,777,26,40,3.9,3,5
200,7,7762,789,28,40,4.1,3,6
201,2,8184,768,25,42,4,4,6
202,7,7521,755,26,50,3.9,1,5
203,7,8209,773,33,49,3.8,5,5
204,9,8262,792,32,40,4,4,4
205,4,7691,751,31,41,3.8,3,5
206,1,7938,797,34,41,4,3,4
207,9,7658,783,28,42,3.9,1,6
208,1,8119,754,34,41,3.9,4,4
209,8,7662,782,26,40,4.2,3,6
210,9,8441,792,28,42,3.8,1,4
211,7,8040,780,32,47,3.8,1,4
212,7,7707,799,26,49,4,5,6
213,5,7630,755,31,45,3.8,4,6
214,4,7835,779,35,50,3.9,1,6
215,7,7952,786,29,44,4.1,3,4
216,6,8444,764,27,48,4.2,5,6
217,4,8267,794,28,50,4.1,4,6
218,8,7803,791,29,44,3.8,2,6
219,10,8433,772,26,43,4,1,4
220,5,8437,751,30,42,3.9,3,4
221,7,8119,766,33,49,3.8,3,4
222,6,7656,776,34,45,4,2,5
223,2,7856,753,25,44,4.1,1,6
224,5,7513,767,32,41,3.8,3,4
225,1,7998,753,33,46,3.8,5,4
226,7,8086,765,33,41,3.9,4,5
227,2,7945,767,26,48,4,1,5
228,3,8159,758,31,41,4.2,5,6
229,7,8228,787,33,47,3.8,2,5
230,1,7859,766,31,45,4.2,2,4
231,6,8338,770,34,48,4.1,1,4
232,5,8362,766,30,41,4.1,4,5
233,1,7727,762,29,50,4.2,5,5
234,4,8315,794,32,44,4.1,3,6
235,4,8430,757,27,44,3.8,5,5
236,7,8066,791,30,49,3.8,3,6
237,4,7803,758,32,41,3.8,2,4
238,1,7623,757,28,42,3.8,4,6
239,7,8336,770,28,44,4.1,1,5
240,5,7989,797,35,44,3.8,3,4
241,9,8063,785,34,50,4,2,4
242,8,8296,775,35,48,3.9,1,4
243,2,7952,797,35,41,3.9,4,4
244,4,8220,777,26,40,3.9,3,5
245,7,7762,789,28,40,4.1,3,6
246,2,8184,768,25,42,4,4,6
247,7,7521,755,26,50,3.9,1,5
248,7,8209,773,33,49,3.8,5,5
249,9,8262,792,32,40,4,4,4
250,4,7691,751,31,41,3.8,3,5
251,1,7938,797,34,41,4,3,4
252,9,7658,783,28,42,3.9,1,6
253,1,8119,754,34,41,3.9,4,4
254,8,7662,782,26,40,4.2,3,6
255,9,8441,792,28,42,3.8,1,4
256,7,8040,780,32,47,3.8,1,4
257,7,7707,799,26,49,4,5,6
258,5,7630,755,31,45,3.8,4,6
259,4,7835,779,35,50,3.9,1,6
260,7,7952,786,29,44,4.1,3,4
261,6,8444,764,27,48,4.2,5,6
262,4,8267,794,28,50,4.1,4,6
263,8,7803,791,29,44,3.8,2,6
264,10,8433,772,26,43,4,1,4
265,5,8437,751,30,42,3.9,3,4
266,7,8119,766,33,49,3.8,3,4
267,6,7656,776,34,45,4,2,5
268,2,7856,753,25,44,4.1,1,6
269,5,7513,767,32,41,3.8,3,4
270,1,7998,753,33,46,3.8,5,4
271,7,8086,765,33,41,3.9,4,5
272,2,7945,767,26,48,4,1,5
273,3,8159,758,31,41,4.2,5,6
274,7,8228,787,33,47,3.8,2,5
275,1,7859,766,31,45,4.2,2,4
276,6,8338,770,34,48,4.1,1,4
277,5,8362,766,30,41,4.1,4,5
278,1,7727,762,29,50,4.2,5,5
279,4,8315,794,32,44,4.1,3,6
280,4,8430,757,27,44,3.8,5,5
281,7,8066,791,30,49,3.8,3,6
282,4,7803,758,32,41,3.8,2,4
283,1,7623,757,28,42,3.8,4,6
284,7,8336,770,28,44,4.1,1,5
285,5,7989,797,35,44,3.8,3,4
286,9,8063,785,34,50,4,2,4
287,8,8296,775,35,48,3.9,1,4
288,2,7952,797,35,41,3.9,4,4
289,4,8220,777,26,40,3.9,3,5
290,7,7762,789,28,40,4.1,3,6
291,2,8184,768,25,42,4,4,6
292,7,7521,755,26,50,3.9,1,5
293,7,8209,773,33,49,3.8,5,5
294,9,8262,792,32,40,4,4,4
295,4,7691,751,31,41,3.8,3,5
296,1,7938,797,34,41,4,3,4
297,9,7658,783,28,42,3.9,1,6
298,1,8119,754,34,41,3.9,4,4
299,8,7662,782,26,40,4.2,3,6
300,9,8441,792,28,42,3.8,1,4
301,7,8040,780,32,47,3.8,1,4
302,7,7707,799,26,49,4,5,6
303,5,7630,755,31,45,3.8,4,6
304,4,7835,779,35,50,3.9,1,6
305,7,7952,786,29,44,4.1,3,4
306,6,8444,764,27,48,4.2,5,6
307,4,8267,794,28,50,4.1,4,6
308,8,7803,791,29,44,3.8,2,6
309,10,8433,772,26,43,4,1,4
310,5,8437,751,30,42,3.9,3,4
311,7,8119,766,33,49,3.8,3,4
312,6,7656,776,34,45,4,2,5
313,2,7856,753,25,44,4.1,1,6
314,5,7513,767,32,41,3.8,3,4
315,1,7998,753,33,46,3.8,5,4
316,7,8086,765,33,41,3.9,4,5
317,2,7945,767,26,48,4,1,5
318,3,8159,758,31,41,4.2,5,6
319,7,8228,787,33,47,3.8,2,5
320,1,7859,766,31,45,4.2,2,4
321,6,8338,770,34,48,4.1,1,4
322,5,8362,766,30,41,4.1,4,5
323,1,7727,762,29,50,4.2,5,5
324,4,8315,794,32,44,4.1,3,6
325,4,8430,757,27,44,3.8,5,5
326,7,8066,791,30,49,3.8,3,6
327,4,7803,758,32,41,3.8,2,4
328,1,7623,757,28,42,3.8,4,6
329,7,8336,770,28,44,4.1,1,5
330,5,7989,797,35,44,3.8,3,4
331,9,8063,785,34,50,4,2,4
332,8,8296,775,35,48,3.9,1,4
333,2,7952,797,35,41,3.9,4,4
334,4,8220,777,26,40,3.9,3,5
335,7,7762,789,28,40,4.1,3,6
336,2,8184,768,25,42,4,4,6
337,7,7521,755,26,50,3.9,1,5
338,7,8209,773,33,49,3.8,5,5
339,9,8262,792,32,40,4,4,4
340,4,7691,751,31,41,3.8,3,5
341,1,7938,797,34,41,4,3,4
342,9,7658,783,28,42,3.9,1,6
343,1,8119,754,34,41,3.9,4,4
344,8,7662,782,26,40,4.2,3,6
345,9,8441,792,28,42,3.8,1,4
346,7,8040,780,32,47,3.8,1,4
347,7,7707,799,26,49,4,5,6
348,5,7630,755,31,45,3.8,4,6
349,4,7835,779,35,50,3.9,1,6
350,7,7952,786,29,44,4.1,3,4
351,6,8444,764,27,48,4.2,5,6
352,4,8267,794,28,50,4.1,4,6
353,8,7803,791,29,44,3.8,2,6
354,10,8433,772,26,43,4,1,4
355,5,8437,751,30,42,3.9,3,4
356,7,8119,766,33,49,3.8,3,4
357,6,7656,776,34,45,4,2,5
358,2,7856,753,25,44,4.1,1,6
359,5,7513,767,32,41,3.8,3,4
360,1,7998,753,33,46,3.8,5,4
361,7,8086,765,33,41,3.9,4,5
362,2,7945,767,26,48,4,1,5
363,3,8159,758,31,41,4.2,5,6
364,7,8228,787,33,47,3.8,2,5
365,1,7859,766,31,45,4.2,2,4
366,6,8338,770,34,48,4.1,1,4
367,5,8362,766,30,41,4.1,4,5
368,1,7727,762,29,50,4.2,5,5
369,4,8315,794,32,44,4.1,3,6
370,4,8430,757,27,44,3.8,5,5
371,7,8066,791,30,49,3.8,3,6
372,4,7803,758,32,41,3.8,2,4
373,1,7623,757,28,42,3.8,4,6
374,7,8336,770,28,44,4.1,1,5
375,5,7989,797,35,44,3.8,3,4
376,9,8063,785,34,50,4,2,4
377,8,8296,775,35,48,3.9,1,4
378,2,7952,797,35,41,3.9,4,4
379,4,8220,777,26,40,3.9,3,5
380,7,7762,789,28,40,4.1,3,6
381,2,8184,768,25,42,4,4,6
382,7,7521,755,26,50,3.9,1,5
383,7,8209,773,33,49,3.8,5,5
384,9,8262,792,32,40,4,4,4
385,4,7691,751,31,41,3.8,3,5
386,1,7938,797,34,41,4,3,4
387,9,7658,783,28,42,3.9,1,6
388,1,8119,754,34,41,3.9,4,4
389,8,7662,782,26,40,4.2,3,6
390,9,8441,792,28,42,3.8,1,4
391,7,8040,780,32,47,3.8,1,4
392,7,7707,799,26,49,4,5,6
393,5,7630,755,31,45,3.8,4,6
394,4,7835,779,35,50,3.9,1,6
395,7,7952,786,29,44,4.1,3,4
396,6,8444,764,27,48,4.2,5,6
397,4,8267,794,28,50,4.1,4,6
398,8,7803,791,29,44,3.8,2,6
399,10,8433,772,26,43,4,1,4
400,5,8437,751,30,42,3.9,3,4
401,7,8119,766,33,49,3.8,3,4
402,6,7656,776,34,45,4,2,5
403,2,7856,753,25,44,4.1,1,6
404,5,7513,767,32,41,3.8,3,4
405,1,7998,753,33,46,3.8,5,4
406,7,8086,765,33,41,3.9,4,5
407,2,7945,767,26,48,4,1,5
408,3,8159,758,31,41,4.2,5,6
409,7,8228,787,33,47,3.8,2,5
410,1,7859,766,31,45,4.2,2,4
411,6,8338,770,34,48,4.1,1,4
412,5,8362,766,30,41,4.1,4,5
413,1,7727,762,29,50,4.2,5,5
414,4,8315,794,32,44,4.1,3,6
415,4,8430,757,27,44,3.8,5,5
416,7,8066,791,30,49,3.8,3,6
417,4,7803,758,32,41,3.8,2,4
418,1,7623,757,28,42,3.8,4,6
419,7,8336,770,28,44,4.1,1,5
420,5,7989,797,35,44,3.8,3,4
421,9,8063,785,34,50,4,2,4
422,8,8296,775,35,48,3.9,1,4
423,2,7952,797,35,41,3.9,4,4
424,4,8220,777,26,40,3.9,3,5
425,7,7762,789,28,40,4.1,3,6
426,2,8184,768,25,42,4,4,6
427,7,7521,755,26,50,3.9,1,5
428,7,8209,773,33,49,3.8,5,5
429,9,8262,792,32,40,4,4,4
430,4,7691,751,31,41,3.8,3,5
431,1,7938,797,34,41,4,3,4
432,9,7658,783,28,42,3.9,1,6
433,1,8119,754,34,41,3.9,4,4
434,8,7662,782,26,40,4.2,3,6
435,9,8441,792,28,42,3.8,1,4
436,7,8040,780,32,47,3.8,1,4
437,7,7707,799,26,49,4,5,6
438,5,7630,755,31,45,3.8,4,6
439,4,7835,779,35,50,3.9,1,6
440,7,7952,786,29,44,4.1,3,4
441,6,8444,764,27,48,4.2,5,6
442,4,8267,794,28,50,4.1,4,6
443,8,7803,791,29,44,3.8,2,6
444,10,8433,772,26,43,4,1,4
445,5,8437,751,30,42,3.9,3,4
446,7,8119,766,33,49,3.8,3,4
447,6,7656,776,34,45,4,2,5
448,2,7856,753,25,44,4.1,1,6
449,5,7513,767,32,41,3.8,3,4
450,1,7998,753,33,46,3.8,5,4
451,7,8086,765,33,41,3.9,4,5
452,2,7945,767,26,48,4,1,5
453,3,8159,758,31,41,4.2,5,6
454,7,8228,787,33,47,3.8,2,5
455,1,7859,766,31,45,4.2,2,4
456,6,8338,770,34,48,4.1,1,4
457,5,8362,766,30,41,4.1,4,5
458,1,7727,762,29,50,4.2,5,5
459,4,8315,794,32,44,4.1,3,6
460,4,8430,757,27,44,3.8,5,5
461,7,8066,791,30,49,3.8,3,6
462,4,7803,758,32,41,3.8,2,4
463,1,7623,757,28,42,3.8,4,6
464,7,8336,770,28,44,4.1,1,5
465,5,7989,797,35,44,3.8,3,4
466,9,8063,785,34,50,4,2,4
467,8,8296,775,35,48,3.9,1,4
468,2,7952,797,35,41,3.9,4,4
469,4,8220,777,26,40,3.9,3,5
470,7,7762,789,28,40,4.1,3,6
471,2,8184,768,25,42,4,4,6
472,7,7521,755,26,50,3.9,1,5
473,7,8209,773,33,49,3.8,5,5
474,9,8262,792,32,40,4,4,4
475,4,7691,751,31,41,3.8,3,5
476,1,7938,797,34,41,4,3,4
477,9,7658,783,28,42,3.9,1,6
478,1,8119,754,34,41,3.9,4,4
479,8,7662,782,26,40,4.2,3,6
480,9,8441,792,28,42,3.8,1,4
481,7,8040,780,32,47,3.8,1,4
482,7,7707,799,26,49,4,5,6
483,5,7630,755,31,45,3.8,4,6
484,4,7835,779,35,50,3.9,1,6
485,7,7952,786,29,44,4.1,3,4
486,6,8444,764,27,48,4.2,5,6
487,4,8267,794,28,50,4.1,4,6
488,8,7803,791,29,44,3.8,2,6
489,10,8433,772,26,43,4,1,4
490,5,8437,751,30,42,3.9,3,4
491,7,8119,766,33,49,3.8,3,4
492,6,7656,776,34,45,4,2,5
493,2,7856,753,25,44,4.1,1,6
494,5,7513,767,32,41,3.8,3,4
495,1,7998,753,33,46,3.8,5,4
496,7,8086,765,33,41,3.9,4,5
497,2,7945,767,26,48,4,1,5
498,3,8159,758,31,41,4.2,5,6
499,7,8228,787,33,47,3.8,2,5
500,1,7859,766,31,45,4.2,2,4
501,6,8338,770,34,48,4.1,1,4
502,5,8362,766,30,41,4.1,4,5
503,1,7727,762,29,50,4.2,5,5
504,4,8315,794,32,44,4.1,3,6
505,4,8430,757,27,44,3.8,5,5
506,7,8066,791,30,49,3.8,3,6
507,4,7803,758,32,41,3.8,2,4
508,1,7623,757,28,42,3.8,4,6
509,7,8336,770,28,44,4.1,1,5
510,5,7989,797,35,44,3.8,3,4
511,9,8063,785,34,50,4,2,4
512,8,8296,775,35,48,3.9,1,4
513,2,7952,797,35,41,3.9,4,4
514,4,8220,777,26,40,3.9,3,5
515,7,7762,789,28,40,4.1,3,6
516,2,8184,768,25,42,4,4,6
517,7,7521,755,26,50,3.9,1,5
518,7,8209,773,33,49,3.8,5,5
519,9,8262,792,32,40,4,4,4
520,4,7691,751,31,41,3.8,3,5
521,1,7938,797,34,41,4,3,4
522,9,7658,783,28,42,3.9,1,6
523,1,8119,754,34,41,3.9,4,4
524,8,7662,782,26,40,4.2,3,6
525,9,8441,792,28,42,3.8,1,4
526,7,8040,780,32,47,3.8,1,4
527,7,7707,799,26,49,4,5,6
528,5,7630,755,31,45,3.8,4,6
529,4,7835,779,35,50,3.9,1,6
530,7,7952,786,29,44,4.1,3,4
531,6,8444,764,27,48,4.2,5,6
532,4,8267,794,28,50,4.1,4,6
533,8,7803,791,29,44,3.8,2,6
534,10,8433,772,26,43,4,1,4
535,5,8437,751,30,42,3.9,3,4
536,7,8119,766,33,49,3.8,3,4
537,6,7656,776,34,45,4,2,5
538,2,7856,753,25,44,4.1,1,6
539,5,7513,767,32,41,3.8,3,4
540,1,7998,753,33,46,3.8,5,4
541,7,8086,765,33,41,3.9,4,5
542,2,7945,767,26,48,4,1,5
543,3,8159,758,31,41,4.2,5,6
544,7,8228,787,33,47,3.8,2,5
545,1,7859,766,31,45,4.2,2,4
546,6,8338,770,34,48,4.1,1,4
547,5,8362,766,30,41,4.1,4,5
548,1,7727,762,29,50,4.2,5,5
549,4,8315,794,32,44,4.1,3,6
550,4,8430,757,27,44,3.8,5,5
551,7,8066,791,30,49,3.8,3,6
552,4,7803,758,32,41,3.8,2,4
553,1,7623,757,28,42,3.8,4,6
554,7,8336,770,28,44,4.1,1,5
555,5,7989,797,35,44,3.8,3,4
556,9,8063,785,34,50,4,2,4
557,8,8296,775,35,48,3.9,1,4
558,2,7952,797,35,41,3.9,4,4
559,4,8220,777,26,40,3.9,3,5
560,7,7762,789,28,40,4.1,3,6
561,2,8184,768,25,42,4,4,6
562,7,7521,755,26,50,3.9,1,5
563,7,8209,773,33,49,3.8,5,5
564,9,8262,792,32,40,4,4,4
565,4,7691,751,31,41,3.8,3,5
566,1,7938,797,34,41,4,3,4
567,9,7658,783,28,42,3.9,1,6
568,1,8119,754,34,41,3.9,4,4
569,8,7662,782,26,40,4.2,3,6
570,9,8441,792,28,42,3.8,1,4
571,7,8040,780,32,47,3.8,1,4
572,7,7707,799,26,49,4,5,6
573,5,7630,755,31,45,3.8,4,6
574,4,7835,779,35,50,3.9,1,6
575,7,7952,786,29,44,4.1,3,4
576,6,8444,764,27,48,4.2,5,6
577,4,8267,794,28,50,4.1,4,6
578,8,7803,791,29,44,3.8,2,6
579,10,8433,772,26,43,4,1,4
580,5,8437,751,30,42,3.9,3,4
581,7,8119,766,33,49,3.8,3,4
582,6,7656,776,34,45,4,2,5
583,2,7856,753,25,44,4.1,1,6
584,5,7513,767,32,41,3.8,3,4
585,1,7998,753,33,46,3.8,5,4
586,7,8086,765,33,41,3.9,4,5
587,2,7945,767,26,48,4,1,5
588,3,8159,758,31,41,4.2,5,6
589,7,8228,787,33,47,3.8,2,5
590,1,7859,766,31,45,4.2,2,4
591,6,8338,770,34,48,4.1,1,4
592,5,8362,766,30,41,4.1,4,5
593,1,7727,762,29,50,4.2,5,5
594,4,8315,794,32,44,4.1,3,6
595,4,8430,757,27,44,3.8,5,5
596,7,8066,791,30,49,3.8,3,6
597,4,7803,758,32,41,3.8,2,4
598,1,7623,757,28,42,3.8,4,6
599,7,8336,770,28,44,4.1,1,5
600,5,7989,797,35,44,3.8,3,4
601,9,8063,785,34,50,4,2,4
602,8,8296,775,35,48,3.9,1,4
603,2,7952,797,35,41,3.9,4,4
604,4,8220,777,26,40,3.9,3,5
605,7,7762,789,28,40,4.1,3,6
606,2,8184,768,25,42,4,4,6
607,7,7521,755,26,50,3.9,1,5
608,7,8209,773,33,49,3.8,5,5
609,9,8262,792,32,40,4,4,4
610,4,7691,751,31,41,3.8,3,5
611,1,7938,797,34,41,4,3,4
612,9,7658,783,28,42,3.9,1,6
613,1,8119,754,34,41,3.9,4,4
614,8,7662,782,26,40,4.2,3,6
615,9,8441,792,28,42,3.8,1,4
616,7,8040,780,32,47,3.8,1,4
617,7,7707,799,26,49,4,5,6
618,5,7630,755,31,45,3.8,4,6
619,4,7835,779,35,50,3.9,1,6
620,7,7952,786,29,44,4.1,3,4
621,6,8444,764,27,48,4.2,5,6
622,4,8267,794,28,50,4.1,4,6
623,8,7803,791,29,44,3.8,2,6
624,10,8433,772,26,43,4,1,4
625,5,8437,751,30,42,3.9,3,4
626,7,8119,766,33,49,3.8,3,4
627,6,7656,776,34,45,4,2,5
628,2,7856,753,25,44,4.1,1,6
629,5,7513,767,32,41,3.8,3,4
630,1,7998,753,33,46,3.8,5,4
631,7,8086,765,33,41,3.9,4,5
632,2,7945,767,26,48,4,1,5
633,3,8159,758,31,41,4.2,5,6
634,7,8228,787,33,47,3.8,2,5
635,1,7859,766,31,45,4.2,2,4
636,6,8338,770,34,48,4.1,1,4
637,5,8362,766,30,41,4.1,4,5
638,1,7727,762,29,50,4.2,5,5
639,4,8315,794,32,44,4.1,3,6
640,4,8430,757,27,44,3.8,5,5
641,7,8066,791,30,49,3.8,3,6
642,4,7803,758,32,41,3.8,2,4
643,1,7623,757,28,42,3.8,4,6
644,7,8336,770,28,44,4.1,1,5
645,5,7989,797,35,44,3.8,3,4
646,9,8063,785,34,50,4,2,4
647,8,8296,775,35,48,3.9,1,4
648,2,7952,797,35,41,3.9,4,4
649,4,8220,777,26,40,3.9,3,5
650,7,7762,789,28,40,4.1,3,6
651,2,8184,768,25,42,4,4,6
652,7,7521,755,26,50,3.9,1,5
653,7,8209,773,33,49,3.8,5,5
654,9,8262,792,32,40,4,4,4
655,4,7691,751,31,41,3.8,3,5
656,1,7938,797,34,41,4,3,4
657,9,7658,783,28,42,3.9,1,6
658,1,8119,754,34,41,3.9,4,4
659,8,7662,782,26,40,4.2,3,6
660,9,8441,792,28,42,3.8,1,4
661,7,8040,780,32,47,3.8,1,4
662,7,7707,799,26,49,4,5,6
663,5,7630,755,31,45,3.8,4,6
664,4,7835,779,35,50,3.9,1,6
665,7,7952,786,29,44,4.1,3,4
666,6,8444,764,27,48,4.2,5,6
667,4,8267,794,28,50,4.1,4,6
668,8,7803,791,29,44,3.8,2,6
669,10,8433,772,26,43,4,1,4
670,5,8437,751,30,42,3.9,3,4
671,7,8119,766,33,49,3.8,3,4
672,6,7656,776,34,45,4,2,5
673,2,7856,753,25,44,4.1,1,6
674,5,7513,767,32,41,3.8,3,4
675,1,7998,753,33,46,3.8,5,4
676,7,8086,765,33,41,3.9,4,5
677,2,7945,767,26,48,4,1,5
678,3,8159,758,31,41,4.2,5,6
679,7,8228,787,33,47,3.8,2,5
680,1,7859,766,31,45,4.2,2,4
681,6,8338,770,34,48,4.1,1,4
682,5,8362,766,30,41,4.1,4,5
683,1,7727,762,29,50,4.2,5,5
684,4,8315,794,32,44,4.1,3,6
685,4,8430,757,27,44,3.8,5,5
686,7,8066,791,30,49,3.8,3,6
687,4,7803,758,32,41,3.8,2,4
688,1,7623,757,28,42,3.8,4,6
689,7,8336,770,28,44,4.1,1,5
690,5,7989,797,35,44,3.8,3,4
691,9,8063,785,34,50,4,2,4
692,8,8296,775,35,48,3.9,1,4
693,2,7952,797,35,41,3.9,4,4
694,4,8220,777,26,40,3.9,3,5
695,7,7762,789,28,40,4.1,3,6
696,2,8184,768,25,42,4,4,6
697,7,7521,755,26,50,3.9,1,5
698,7,8209,773,33,49,3.8,5,5
699,9,8262,792,32,40,4,4,4
700,4,7691,751,31,41,3.8,3,5
701,1,7938,797,34,41,4,3,4
702,9,7658,783,28,42,3.9,1,6
703,1,8119,754,34,41,3.9,4,4
704,8,7662,782,26,40,4.2,3,6
705,9,8441,792,28,42,3.8,1,4
706,7,8040,780,32,47,3.8,1,4
707,7,7707,799,26,49,4,5,6
708,5,7630,755,31,45,3.8,4,6
709,4,7835,779,35,50,3.9,1,6
710,7,7952,786,29,44,4.1,3,4
711,6,8444,764,27,48,4.2,5,6
712,4,8267,794,28,50,4.1,4,6
713,8,7803,791,29,44,3.8,2,6
714,10,8433,772,26,43,4,1,4
715,5,8437,751,30,42,3.9,3,4
716,7,8119,766,33,49,3.8,3,4
717,6,7656,776,34,45,4,2,5
718,2,7856,753,25,44,4.1,1,6
719,5,7513,767,32,41,3.8,3,4
720,1,7998,753,33,46,3.8,5,4
721,7,8086,765,33,41,3.9,4,5
722,2,7945,767,26,48,4,1,5
723,3,8159,758,31,41,4.2,5,6
724,7,8228,787,33,47,3.8,2,5
725,1,7859,766,31,45,4.2,2,4
726,6,8338,770,34,48,4.1,1,4
727,5,8362,766,30,41,4.1,4,5
728,1,7727,762,29,50,4.2,5,5
729,4,8315,794,32,44,4.1,3,6
730,4,8430,757,27,44,3.8,5,5
731,7,8066,791,30,49,3.8,3,6
732,4,7803,758,32,41,3.8,2,4
733,1,7623,757,28,42,3.8,4,6
734,7,8336,770,28,44,4.1,1,5
735,5,7989,797,35,44,3.8,3,4
736,9,8063,785,34,50,4,2,4
737,8,8296,775,35,48,3.9,1,4
738,2,7952,797,35,41,3.9,4,4
739,4,8220,777,26,40,3.9,3,5
740,7,7762,789,28,40,4.1,3,6
741,2,8184,768,25,42,4,4,6
742,7,7521,755,26,50,3.9,1,5
743,7,8209,773,33,49,3.8,5,5
744,9,8262,792,32,40,4,4,4
745,4,7691,751,31,41,3.8,3,5
746,1,7938,797,34,41,4,3,4
747,9,7658,783,28,42,3.9,1,6
748,1,8119,754,34,41,3.9,4,4
749,8,7662,782,26,40,4.2,3,6
750,9,8441,792,28,42,3.8,1,4
751,7,8040,780,32,47,3.8,1,4
752,7,7707,799,26,49,4,5,6
753,5,7630,755,31,45,3.8,4,6
754,4,7835,779,35,50,3.9,1,6
755,7,7952,786,29,44,4.1,3,4
756,6,8444,764,27,48,4.2,5,6
757,4,8267,794,28,50,4.1,4,6
758,8,7803,791,29,44,3.8,2,6
759,10,8433,772,26,43,4,1,4
760,5,8437,751,30,42,3.9,3,4
761,7,8119,766,33,49,3.8,3,4
762,6,7656,776,34,45,4,2,5
763,2,7856,753,25,44,4.1,1,6
764,5,7513,767,32,41,3.8,3,4
765,1,7998,753,33,46,3.8,5,4
766,7,8086,765,33,41,3.9,4,5
767,2,7945,767,26,48,4,1,5
768,3,8159,758,31,41,4.2,5,6
769,7,8228,787,33,47,3.8,2,5
770,1,7859,766,31,45,4.2,2,4
771,6,8338,770,34,48,4.1,1,4
772,5,8362,766,30,41,4.1,4,5
773,1,7727,762,29,50,4.2,5,5
774,4,8315,794,32,44,4.1,3,6
775,4,8430,757,27,44,3.8,5,5
776,7,8066,791,30,49,3.8,3,6
777,4,7803,758,32,41,3.8,2,4
778,1,7623,757,28,42,3.8,4,6
779,7,8336,770,28,44,4.1,1,5
780,5,7989,797,35,44,3.8,3,4
781,9,8063,785,34,50,4,2,4
782,8,8296,775,35,48,3.9,1,4
783,2,7952,797,35,41,3.9,4,4
784,4,8220,777,26,40,3.9,3,5
785,7,7762,789,28,40,4.1,3,6
786,2,8184,768,25,42,4,4,6
787,7,7521,755,26,50,3.9,1,5
788,7,8209,773,33,49,3.8,5,5
789,9,8262,792,32,40,4,4,4
790,4,7691,751,31,41,3.8,3,5
791,1,7938,797,34,41,4,3,4
792,9,7658,783,28,42,3.9,1,6
793,1,8119,754,34,41,3.9,4,4
794,8,7662,782,26,40,4.2,3,6
795,9,8441,792,28,42,3.8,1,4
796,7,8040,780,32,47,3.8,1,4
797,7,7707,799,26,49,4,5,6
798,5,7630,755,31,45,3.8,4,6
799,4,7835,779,35,50,3.9,1,6
800,7,7952,786,29,44,4.1,3,4
801,6,8444,764,27,48,4.2,5,6
802,4,8267,794,28,50,4.1,4,6
803,8,7803,791,29,44,3.8,2,6
804,10,8433,772,26,43,4,1,4
805,5,8437,751,30,42,3.9,3,4
806,7,8119,766,33,49,3.8,3,4
807,6,7656,776,34,45,4,2,5
808,2,7856,753,25,44,4.1,1,6
809,5,7513,767,32,41,3.8,3,4
810,1,7998,753,33,46,3.8,5,4
811,7,8086,765,33,41,3.9,4,5
812,2,7945,767,26,48,4,1,5
813,3,8159,758,31,41,4.2,5,6
814,7,8228,787,33,47,3.8,2,5
815,1,7859,766,31,45,4.2,2,4
816,6,8338,770,34,48,4.1,1,4
817,5,8362,766,30,41,4.1,4,5
818,1,7727,762,29,50,4.2,5,5
819,4,8315,794,32,44,4.1,3,6
820,4,8430,757,27,44,3.8,5,5
821,7,8066,791,30,49,3.8,3,6
822,4,7803,758,32,41,3.8,2,4
823,1,7623,757,28,42,3.8,4,6
824,7,8336,770,28,44,4.1,1,5
825,5,7989,797,35,44,3.8,3,4
826,9,8063,785,34,50,4,2,4
827,8,8296,775,35,48,3.9,1,4
828,2,7952,797,35,41,3.9,4,4
829,4,8220,777,26,40,3.9,3,5
830,7,7762,789,28,40,4.1,3,6
831,2,8184,768,25,42,4,4,6
832,7,7521,755,26,50,3.9,1,5
833,7,8209,773,33,49,3.8,5,5
834,9,8262,792,32,40,4,4,4
835,4,7691,751,31,41,3.8,3,5
836,1,7938,797,34,41,4,3,4
837,9,7658,783,28,42,3.9,1,6
838,1,8119,754,34,41,3.9,4,4
839,8,7662,782,26,40,4.2,3,6
840,9,8441,792,28,42,3.8,1,4
841,7,8040,780,32,47,3.8,1,4
842,7,7707,799,26,49,4,5,6
843,5,7630,755,31,45,3.8,4,6
844,4,7835,779,35,50,3.9,1,6
845,7,7952,786,29,44,4.1,3,4
846,6,8444,764,27,48,4.2,5,6
847,4,8267,794,28,50,4.1,4,6
848,8,7803,791,29,44,3.8,2,6
849,10,8433,772,26,43,4,1,4
850,5,8437,751,30,42,3.9,3,4
851,7,8119,766,33,49,3.8,3,4
852,6,7656,776,34,45,4,2,5
853,2,7856,753,25,44,4.1,1,6
854,5,7513,767,32,41,3.8,3,4
855,1,7998,753,33,46,3.8,5,4
856,7,8086,765,33,41,3.9,4,5
857,2,7945,767,26,48,4,1,5
858,3,8159,758,31,41,4.2,5,6
859,7,8228,787,33,47,3.8,2,5
860,1,7859,766,31,45,4.2,2,4
861,6,8338,770,34,48,4.1,1,4
862,5,8362,766,30,41,4.1,4,5
863,1,7727,762,29,50,4.2,5,5
864,4,8315,794,32,44,4.1,3,6
865,4,8430,757,27,44,3.8,5,5
866,7,8066,791,30,49,3.8,3,6
867,4,7803,758,32,41,3.8,2,4
868,1,7623,757,28,42,3.8,4,6
869,7,8336,770,28,44,4.1,1,5
870,5,7989,797,35,44,3.8,3,4
871,9,8063,785,34,50,4,2,4
872,8,8296,775,35,48,3.9,1,4
873,2,7952,797,35,41,3.9,4,4
874,4,8220,777,26,40,3.9,3,5
875,7,7762,789,28,40,4.1,3,6
876,2,8184,768,25,42,4,4,6
877,7,7521,755,26,50,3.9,1,5
878,7,8209,773,33,49,3.8,5,5
879,9,8262,792,32,40,4,4,4
880,4,7691,751,31,41,3.8,3,5
881,1,7938,797,34,41,4,3,4
882,9,7658,783,28,42,3.9,1,6
883,1,8119,754,34,41,3.9,4,4
884,8,7662,782,26,40,4.2,3,6
885,9,8441,792,28,42,3.8,1,4
886,7,8040,780,32,47,3.8,1,4
887,7,7707,799,26,49,4,5,6
888,5,7630,755,31,45,3.8,4,6
889,4,7835,779,35,50,3.9,1,6
890,7,7952,786,29,44,4.1,3,4
891,6,8444,764,27,48,4.2,5,6
892,4,8267,794,28,50,4.1,4,6
893,8,7803,791,29,44,3.8,2,6
894,10,8433,772,26,43,4,1,4
895,5,8437,751,30,42,3.9,3,4
896,7,8119,766,33,49,3.8,3,4
897,6,7656,776,34,45,4,2,5
898,2,7856,753,25,44,4.1,1,6
899,5,7513,767,32,41,3.8,3,4
900,1,7998,753,33,46,3.8,5,4
901,7,8086,765,33,41,3.9,4,5
902,2,7945,767,26,48,4,1,5
903,3,8159,758,31,41,4.2,5,6
904,7,8228,787,33,47,3.8,2,5
905,1,7859,766,31,45,4.2,2,4
906,6,8338,770,34,48,4.1,1,4
907,5,8362,766,30,41,4.1,4,5
908,1,7727,762,29,50,4.2,5,5
909,4,8315,794,32,44,4.1,3,6
910,4,8430,757,27,44,3.8,5,5
911,7,8066,791,30,49,3.8,3,6
912,4,7803,758,32,41,3.8,2,4
913,1,7623,757,28,42,3.8,4,6
914,7,8336,770,28,44,4.1,1,5
915,5,7989,797,35,44,3.8,3,4
916,9,8063,785,34,50,4,2,4
917,8,8296,775,35,48,3.9,1,4
918,2,7952,797,35,41,3.9,4,4
919,4,8220,777,26,40,3.9,3,5
920,7,7762,789,28,40,4.1,3,6
921,2,8184,768,25,42,4,4,6
922,7,7521,755,26,50,3.9,1,5
923,7,8209,773,33,49,3.8,5,5
924,9,8262,792,32,40,4,4,4
925,4,7691,751,31,41,3.8,3,5
926,1,7938,797,34,41,4,3,4
927,9,7658,783,28,42,3.9,1,6
928,1,8119,754,34,41,3.9,4,4
929,8,7662,782,26,40,4.2,3,6
930,9,8441,792,28,42,3.8,1,4
931,7,8040,780,32,47,3.8,1,4
932,7,7707,799,26,49,4,5,6
933,5,7630,755,31,45,3.8,4,6
934,4,7835,779,35,50,3.9,1,6
935,7,7952,786,29,44,4.1,3,4
936,6,8444,764,27,48,4.2,5,6
937,4,8267,794,28,50,4.1,4,6
938,8,7803,791,29,44,3.8,2,6
939,10,8433,772,26,43,4,1,4
940,5,8437,751,30,42,3.9,3,4
941,7,8119,766,33,49,3.8,3,4
942,6,7656,776,34,45,4,2,5
943,2,7856,753,25,44,4.1,1,6
944,5,7513,767,32,41,3.8,3,4
945,1,7998,753,33,46,3.8,5,4
946,7,8086,765,33,41,3.9,4,5
947,2,7945,767,26,48,4,1,5
948,3,8159,758,31,41,4.2,5,6
949,7,8228,787,33,47,3.8,2,5
950,1,7859,766,31,45,4.2,2,4
951,6,8338,770,34,48,4.1,1,4
952,5,8362,766,30,41,4.1,4,5
953,1,7727,762,29,50,4.2,5,5
954,4,8315,794,32,44,4.1,3,6
955,4,8430,757,27,44,3.8,5,5
956,7,8066,791,30,49,3.8,3,6
957,4,7803,758,32,41,3.8,2,4
958,1,7623,757,28,42,3.8,4,6
959,7,8336,770,28,44,4.1,1,5
960,5,7989,797,35,44,3.8,3,4
961,9,8063,785,34,50,4,2,4
962,8,8296,775,35,48,3.9,1,4
963,2,7952,797,35,41,3.9,4,4
964,4,8220,777,26,40,3.9,3,5
965,7,7762,789,28,40,4.1,3,6
966,2,8184,768,25,42,4,4,6
967,7,7521,755,26,50,3.9,1,5
968,7,8209,773,33,49,3.8,5,5
969,9,8262,792,32,40,4,4,4
970,4,7691,751,31,41,3.8,3,5
971,1,7938,797,34,41,4,3,4
972,9,7658,783,28,42,3.9,1,6
973,1,8119,754,34,41,3.9,4,4
974,8,7662,782,26,40,4.2,3,6
975,9,8441,792,28,42,3.8,1,4
976,7,8040,780,32,47,3.8,1,4
977,7,7707,799,26,49,4,5,6
978,5,7630,755,31,45,3.8,4,6
979,4,7835,779,35,50,3.9,1,6
980,7,7952,786,29,44,4.1,3,4
981,6,8444,764,27,48,4.2,5,6
982,4,8267,794,28,50,4.1,4,6
983,8,7803,791,29,44,3.8,2,6
984,10,8433,772,26,43,4,1,4
985,5,8437,751,30,42,3.9,3,4
986,7,8119,766,33,49,3.8,3,4
987,6,7656,776,34,45,4,2,5
988,2,7856,753,25,44,4.1,1,6
989,5,7513,767,32,41,3.8,3,4
990,1,7998,753,33,46,3.8,5,4
991,7,8086,765,33,41,3.9,4,5
992,2,7945,767,26,48,4,1,5
993,3,8159,758,31,41,4.2,5,6
994,7,8228,787,33,47,3.8,2,5
995,1,7859,766,31,45,4.2,2,4
996,6,8338,770,34,48,4.1,1,4
997,5,8362,766,30,41,4.1,4,5
998,1,7727,762,29,50,4.2,5,5
999,4,8315,794,32,44,4.1,3,6