loja,total_de_lojas,total_ABL_m2,area_infuencia_km2,quantidade_domicilios_mil,potencial_de_consumo_milhoes,tamanho_da_loja,tamanho_da_frente_m,corredor,fluxo_de_pessoas_corredor_minuto
0,350,26250,5,10,1000,40,4.5,2,20
1,350,26250,5,10,1000,40,4.5,2,20
2,350,26250,5,10,1000,40,4.5,3,20
3,350,26250,5,10,1000,40,4.5,0,20
4,350,26250,5,10,1000,40,4.5,3,20
5,350,26250,5,10,1000,40,4.5,3,20
6,350,26250,5,10,1000,40,4.5,1,20
7,350,26250,5,10,1000,40,4.5,3,20
8,350,26250,5,10,1000,40,4.5,0,20
9,350,26250,5,10,1000,40,4.5,1,20
10,350,26250,5,10,1000,40,4.5,0,20
11,350,26250,5,10,1000,40,4.5,1,20
12,350,26250,5,10,1000,40,4.5,2,20
13,350,26250,5,10,1000,40,4.5,2,20
14,350,26250,5,10,1000,40,4.5,0,20
15,350,26250,5,10,1000,40,4.5,3,20
16,350,26250,5,10,1000,40,4.5,0,20
17,350,26250,5,10,1000,40,4.5,0,20
18,350,26250,5,10,1000,40,4.5,1,20
19,350,26250,5,10,1000,40,4.5,2,20
20,350,26250,5,10,1000,40,4.5,1,20
21,350,26250,5,10,1000,40,4.5,2,20
22,350,26250,5,10,1000,40,4.5,0,20
23,350,26250,5,10,1000,40,4.5,3,20
24,350,26250,5,10,1000,40,4.5,0,20
25,350,26250,5,10,1000,40,4.5,3,20
26,350,26250,5,10,1000,40,4.5,3,20
27,350,26250,5,10,1000,40,4.5,0,20
28,350,26250,5,10,1000,40,4.5,2,20
29,350,26250,5,10,1000,40,4.5,2,20
30,350,26250,5,10,1000,40,4.5,0,20
31,350,26250,5,10,1000,40,4.5,1,20
32,350,26250,5,10,1000,40,4.5,2,20
33,350,26250,5,10,1000,40,4.5,3,20
34,350,26250,5,10,1000,40,4.5,2,20
35,350,26250,5,10,1000,40,4.5,0,20
36,350,26250,5,10,1000,40,4.5,3,20
37,350,26250,5,10,1000,40,4.5,0,20
38,350,26250,5,10,1000,40,4.5,3,20
39,350,26250,5,10,1000,40,4.5,1,20
40,350,26250,5,10,1000,40,4.5,0,20
41,350,26250,5,10,1000,40,4.5,0,20
42,350,26250,5,10,1000,40,4.5,2,20
43,350,26250,5,10,1000,40,4.5,0,20
44,350,26250,5,10,1000,40,4.5,2,20
45,350,26250,5,10,1000,40,4.5,0,20
46,350,26250,5,10,1000,40,4.5,2,20
47,350,26250,5,10,1000,40,4.5,1,20
48,350,26250,5,10,1000,40,4.5,1,20
49,350,26250,5,10,1000,40,4.5,0,20
50,350,26250,5,10,1000,40,4.5,3,20
51,350,26250,5,10,1000,40,4.5,2,20
52,350,26250,5,10,1000,40,4.5,1,20
53,350,26250,5,10,1000,40,4.5,1,20
54,350,26250,5,10,1000,40,4.5,3,20
55,350,26250,5,10,1000,40,4.5,3,20
56,350,26250,5,10,1000,40,4.5,0,20
57,350,26250,5,10,1000,40,4.5,3,20
58,350,26250,5,10,1000,40,4.5,2,20
59,350,26250,5,10,1000,40,4.5,3,20
60,350,26250,5,10,1000,40,4.5,3,20
61,350,26250,5,10,1000,40,4.5,0,20
62,350,26250,5,10,1000,40,4.5,3,20
63,350,26250,5,10,1000,40,4.5,2,20
64,350,26250,5,10,1000,40,4.5,2,20
65,350,26250,5,10,1000,40,4.5,0,20
66,350,26250,5,10,1000,40,4.5,0,20
67,350,26250,5,10,1000,40,4.5,2,20
68,350,26250,5,10,1000,40,4.5,2,20
69,350,26250,5,10,1000,40,4.5,3,20
70,350,26250,5,10,1000,40,4.5,2,20
71,350,26250,5,10,1000,40,4.5,2,20
72,350,26250,5,10,1000,40,4.5,3,20
73,350,26250,5,10,1000,40,4.5,0,20
74,350,26250,5,10,1000,40,4.5,0,20
75,350,26250,5,10,1000,40,4.5,2,20
76,350,26250,5,10,1000,40,4.5,3,20
77,350,26250,5,10,1000,40,4.5,2,20
78,350,26250,5,10,1000,40,4.5,2,20
79,350,26250,5,10,1000,40,4.5,2,20
80,350,26250,5,10,1000,40,4.5,3,20
81,350,26250,5,10,1000,40,4.5,2,20
82,350,26250,5,10,1000,40,4.5,3,20
83,350,26250,5,10,1000,40,4.5,1,20
84,350,26250,5,10,1000,40,4.5,0,20
85,350,26250,5,10,1000,40,4.5,3,20
86,350,26250,5,10,1000,40,4.5,3,20
87,350,26250,5,10,1000,40,4.5,3,20
88,350,26250,5,10,1000,40,4.5,1,20
89,350,26250,5,10,1000,40,4.5,1,20
90,350,26250,5,10,1000,40,4.5,3,20
91,350,26250,5,10,1000,40,4.5,3,20
92,350,26250,5,10,1000,40,4.5,2,20
93,350,26250,5,10,1000,40,4.5,3,20
94,350,26250,5,10,1000,40,4.5,3,20
95,350,26250,5,10,1000,40,4.5,3,20
96,350,26250,5,10,1000,40,4.5,2,20
97,350,26250,5,10,1000,40,4.5,1,20
98,350,26250,5,10,1000,40,4.5,0,20
99,350,26250,5,10,1000,40,4.5,0,20
100,350,26250,5,10,1000,40,4.5,2,20
101,350,26250,5,10,1000,40,4.5,1,20
102,350,26250,5,10,1000,40,4.5,2,20
103,350,26250,5,10,1000,40,4.5,2,20
104,350,26250,5,10,1000,40,4.5,1,20
105,350,26250,5,10,1000,40,4.5,2,20
106,350,26250,5,10,1000,40,4.5,3,20
107,350,26250,5,10,1000,40,4.5,1,20
108,350,26250,5,10,1000,40,4.5,1,20
109,350,26250,5,10,1000,40,4.5,0,20
110,350,26250,5,10,1000,40,4.5,3,20
111,350,26250,5,10,1000,40,4.5,2,20
112,350,26250,5,10,1000,40,4.5,3,20
113,350,26250,5,10,1000,40,4.5,2,20
114,350,26250,5,10,1000,40,4.5,1,20
115,350,26250,5,10,1000,40,4.5,2,20
116,350,26250,5,10,1000,40,4.5,0,20
117,350,26250,5,10,1000,40,4.5,2,20
118,350,26250,5,10,1000,40,4.5,3,20
119,350,26250,5,10,1000,40,4.5,3,20
120,350,26250,5,10,1000,40,4.5,1,20
121,350,26250,5,10,1000,40,4.5,1,20
122,350,26250,5,10,1000,40,4.5,3,20
123,350,26250,5,10,1000,40,4.5,1,20
124,350,26250,5,10,1000,40,4.5,1,20
125,350,26250,5,10,1000,40,4.5,0,20
126,350,26250,5,10,1000,40,4.5,1,20
127,350,26250,5,10,1000,40,4.5,3,20
128,350,26250,5,10,1000,40,4.5,1,20
129,350,26250,5,10,1000,40,4.5,3,20
130,350,26250,5,10,1000,40,4.5,1,20
131,350,26250,5,10,1000,40,4.5,0,20
132,350,26250,5,10,1000,40,4.5,1,20
133,350,26250,5,10,1000,40,4.5,0,20
134,350,26250,5,10,1000,40,4.5,0,20
135,350,26250,5,10,1000,40,4.5,2,20
136,350,26250,5,10,1000,40,4.5,3,20
137,350,26250,5,10,1000,40,4.5,1,20
138,350,26250,5,10,1000,40,4.5,0,20
139,350,26250,5,10,1000,40,4.5,3,20
140,350,26250,5,10,1000,40,4.5,0,20
141,350,26250,5,10,1000,40,4.5,0,20
142,350,26250,5,10,1000,40,4.5,0,20
143,350,26250,5,10,1000,40,4.5,3,20
144,350,26250,5,10,1000,40,4.5,3,20
145,350,26250,5,10,1000,40,4.5,1,20
146,350,26250,5,10,1000,40,4.5,1,20
147,350,26250,5,10,1000,40,4.5,0,20
148,350,26250,5,10,1000,40,4.5,0,20
149,350,26250,5,10,1000,40,4.5,1,20
150,350,26250,5,10,1000,40,4.5,1,20
151,350,26250,5,10,1000,40,4.5,0,20
152,350,26250,5,10,1000,40,4.5,3,20
153,350,26250,5,10,1000,40,4.5,2,20
154,350,26250,5,10,1000,40,4.5,2,20
155,350,26250,5,10,1000,40,4.5,2,20
156,350,26250,5,10,1000,40,4.5,3,20
157,350,26250,5,10,1000,40,4.5,1,20
158,350,26250,5,10,1000,40,4.5,2,20
159,350,26250,5,10,1000,40,4.5,0,20
160,350,26250,5,10,1000,40,4.5,2,20
161,350,26250,5,10,1000,40,4.5,3,20
162,350,26250,5,10,1000,40,4.5,0,20
163,350,26250,5,10,1000,40,4.5,2,20
164,350,26250,5,10,1000,40,4.5,3,20
165,350,26250,5,10,1000,40,4.5,0,20
166,350,26250,5,10,1000,40,4.5,3,20
167,350,26250,5,10,1000,40,4.5,3,20
168,350,26250,5,10,1000,40,4.5,3,20
169,350,26250,5,10,1000,40,4.5,3,20
170,350,26250,5,10,1000,40,4.5,1,20
171,350,26250,5,10,1000,40,4.5,1,20
172,350,26250,5,10,1000,40,4.5,1,20
173,350,26250,5,10,1000,40,4.5,2,20
174,350,26250,5,10,1000,40,4.5,0,20
175,350,26250,5,10,1000,40,4.5,3,20
176,350,26250,5,10,1000,40,4.5,2,20
177,350,26250,5,10,1000,40,4.5,0,20
178,350,26250,5,10,1000,40,4.5,0,20
179,350,26250,5,10,1000,40,4.5,3,20
180,350,26250,5,10,1000,40,4.5,2,20
181,350,26250,5,10,1000,40,4.5,3,20
182,350,26250,5,10,1000,40,4.5,1,20
183,350,26250,5,10,1000,40,4.5,2,20
184,350,26250,5,10,1000,40,4.5,2,20
185,350,26250,5,10,1000,40,4.5,0,20
186,350,26250,5,10,1000,40,4.5,2,20
187,350,26250,5,10,1000,40,4.5,3,20
188,350,26250,5,10,1000,40,4.5,0,20
189,350,26250,5,10,1000,40,4.5,3,20
190,350,26250,5,10,1000,40,4.5,2,20
191,350,26250,5,10,1000,40,4.5,2,20
192,350,26250,5,10,1000,40,4.5,3,20
193,350,26250,5,10,1000,40,4.5,3,20
194,350,26250,5,10,1000,40,4.5,0,20
195,350,26250,5,10,1000,40,4.5,3,20
196,350,26250,5,10,1000,40,4.5,3,20
197,350,26250,5,10,1000,40,4.5,0,20
198,350,26250,5,10,1000,40,4.5,3,20
199,350,26250,5,10,1000,40,4.5,1,20
200,350,26250,5,10,1000,40,4.5,1,20
201,350,26250,5,10,1000,40,4.5,1,20
202,350,26250,5,10,1000,40,4.5,2,20
203,350,26250,5,10,1000,40,4.5,2,20
204,350,26250,5,10,1000,40,4.5,0,20
205,350,26250,5,10,1000,40,4.5,2,20
206,350,26250,5,10,1000,40,4.5,3,20
207,350,26250,5,10,1000,40,4.5,1,20
208,350,26250,5,10,1000,40,4.5,2,20
209,350,26250,5,10,1000,40,4.5,1,20
210,350,26250,5,10,1000,40,4.5,3,20
211,350,26250,5,10,1000,40,4.5,0,20
212,350,26250,5,10,1000,40,4.5,1,20
213,350,26250,5,10,1000,40,4.5,2,20
214,350,26250,5,10,1000,40,4.5,0,20
215,350,26250,5,10,1000,40,4.5,3,20
216,350,26250,5,10,1000,40,4.5,1,20
217,350,26250,5,10,1000,40,4.5,0,20
218,350,26250,5,10,1000,40,4.5,1,20
219,350,26250,5,10,1000,40,4.5,1,20
220,350,26250,5,10,1000,40,4.5,1,20
221,350,26250,5,10,1000,40,4.5,2,20
222,350,26250,5,10,1000,40,4.5,2,20
223,350,26250,5,10,1000,40,4.5,0,20
224,350,26250,5,10,1000,40,4.5,2,20
225,350,26250,5,10,1000,40,4.5,0,20
226,350,26250,5,10,1000,40,4.5,0,20
227,350,26250,5,10,1000,40,4.5,2,20
228,350,26250,5,10,1000,40,4.5,0,20
229,350,26250,5,10,1000,40,4.5,0,20
230,350,26250,5,10,1000,40,4.5,3,20
231,350,26250,5,10,1000,40,4.5,1,20
232,350,26250,5,10,1000,40,4.5,3,20
233,350,26250,5,10,1000,40,4.5,0,20
234,350,26250,5,10,1000,40,4.5,0,20
235,350,26250,5,10,1000,40,4.5,3,20
236,350,26250,5,10,1000,40,4.5,1,20
237,350,26250,5,10,1000,40,4.5,1,20
238,350,26250,5,10,1000,40,4.5,2,20
239,350,26250,5,10,1000,40,4.5,0,20
240,350,26250,5,10,1000,40,4.5,3,20
241,350,26250,5,10,1000,40,4.5,0,20
242,350,26250,5,10,1000,40,4.5,2,20
243,350,26250,5,10,1000,40,4.5,2,20
244,350,26250,5,10,1000,40,4.5,3,20
245,350,26250,5,10,1000,40,4.5,0,20
246,350,26250,5,10,1000,40,4.5,1,20
247,350,26250,5,10,1000,40,4.5,3,20
248,350,26250,5,10,1000,40,4.5,3,20
249,350,26250,5,10,1000,40,4.5,3,20
250,350,26250,5,10,1000,40,4.5,2,20
251,350,26250,5,10,1000,40,4.5,2,20
252,350,26250,5,10,1000,40,4.5,2,20
253,350,26250,5,10,1000,40,4.5,2,20
254,350,26250,5,10,1000,40,4.5,0,20
255,350,26250,5,10,1000,40,4.5,3,20
256,350,26250,5,10,1000,40,4.5,0,20
257,350,26250,5,10,1000,40,4.5,1,20
258,350,26250,5,10,1000,40,4.5,0,20
259,350,26250,5,10,1000,40,4.5,2,20
260,350,26250,5,10,1000,40,4.5,1,20
261,350,26250,5,10,1000,40,4.5,2,20
262,350,26250,5,10,1000,40,4.5,3,20
263,350,26250,5,10,1000,40,4.5,1,20
264,350,26250,5,10,1000,40,4.5,0,20
265,350,26250,5,10,1000,40,4.5,3,20
266,350,26250,5,10,1000,40,4.5,2,20
267,350,26250,5,10,1000,40,4.5,2,20
268,350,26250,5,10,1000,40,4.5,3,20
269,350,26250,5,10,1000,40,4.5,2,20
270,350,26250,5,10,1000,40,4.5,3,20
271,350,26250,5,10,1000,40,4.5,0,20
272,350,26250,5,10,1000,40,4.5,0,20
273,350,26250,5,10,1000,40,4.5,1,20
274,350,26250,5,10,1000,40,4.5,1,20
275,350,26250,5,10,1000,40,4.5,1,20
276,350,26250,5,10,1000,40,4.5,3,20
277,350,26250,5,10,1000,40,4.5,0,20
278,350,26250,5,10,1000,40,4.5,1,20
279,350,26250,5,10,1000,40,4.5,1,20
280,350,26250,5,10,1000,40,4.5,0,20
281,350,26250,5,10,1000,40,4.5,0,20
282,350,26250,5,10,1000,40,4.5,1,20
283,350,26250,5,10,1000,40,4.5,0,20
284,350,26250,5,10,1000,40,4.5,2,20
285,350,26250,5,10,1000,40,4.5,1,20
286,350,26250,5,10,1000,40,4.5,1,20
287,350,26250,5,10,1000,40,4.5,1,20
288,350,26250,5,10,1000,40,4.5,3,20
289,350,26250,5,10,1000,40,4.5,3,20
290,350,26250,5,10,1000,40,4.5,0,20
291,350,26250,5,10,1000,40,4.5,1,20
292,350,26250,5,10,1000,40,4.5,2,20
293,350,26250,5,10,1000,40,4.5,3,20
294,350,26250,5,10,1000,40,4.5,1,20
295,350,26250,5,10,1000,40,4.5,1,20
296,350,26250,5,10,1000,40,4.5,0,20
297,350,26250,5,10,1000,40,4.5,1,20
298,350,26250,5,10,1000,40,4.5,2,20
299,350,26250,5,10,1000,40,4.5,1,20
300,350,26250,5,10,1000,40,4.5,1,20
301,350,26250,5,10,1000,40,4.5,0,20
302,350,26250,5,10,1000,40,4.5,2,20
303,350,26250,5,10,1000,40,4.5,2,20
304,350,26250,5,10,1000,40,4.5,0,20
305,350,26250,5,10,1000,40,4.5,2,20
306,350,26250,5,10,1000,40,4.5,2,20
307,350,26250,5,10,1000,40,4.5,2,20
308,350,26250,5,10,1000,40,4.5,2,20
309,350,26250,5,10,1000,40,4.5,0,20
310,350,26250,5,10,1000,40,4.5,1,20
311,350,26250,5,10,1000,40,4.5,2,20
312,350,26250,5,10,1000,40,4.5,1,20
313,350,26250,5,10,1000,40,4.5,0,20
314,350,26250,5,10,1000,40,4.5,3,20
315,350,26250,5,10,1000,40,4.5,1,20
316,350,26250,5,10,1000,40,4.5,0,20
317,350,26250,5,10,1000,40,4.5,1,20
318,350,26250,5,10,1000,40,4.5,0,20
319,350,26250,5,10,1000,40,4.5,0,20
320,350,26250,5,10,1000,40,4.5,0,20
321,350,26250,5,10,1000,40,4.5,0,20
322,350,26250,5,10,1000,40,4.5,0,20
323,350,26250,5,10,1000,40,4.5,0,20
324,350,26250,5,10,1000,40,4.5,0,20
325,350,26250,5,10,1000,40,4.5,3,20
326,350,26250,5,10,1000,40,4.5,0,20
327,350,26250,5,10,1000,40,4.5,1,20
328,350,26250,5,10,1000,40,4.5,1,20
329,350,26250,5,10,1000,40,4.5,1,20
330,350,26250,5,10,1000,40,4.5,2,20
331,350,26250,5,10,1000,40,4.5,1,20
332,350,26250,5,10,1000,40,4.5,1,20
333,350,26250,5,10,1000,40,4.5,3,20
334,350,26250,5,10,1000,40,4.5,3,20
335,350,26250,5,10,1000,40,4.5,0,20
336,350,26250,5,10,1000,40,4.5,0,20
337,350,26250,5,10,1000,40,4.5,1,20
338,350,26250,5,10,1000,40,4.5,3,20
339,350,26250,5,10,1000,40,4.5,0,20
340,350,26250,5,10,1000,40,4.5,3,20
341,350,26250,5,10,1000,40,4.5,1,20
342,350,26250,5,10,1000,40,4.5,1,20
343,350,26250,5,10,1000,40,4.5,0,20
344,350,26250,5,10,1000,40,4.5,3,20
345,350,26250,5,10,1000,40,4.5,1,20
346,350,26250,5,10,1000,40,4.5,0,20
347,350,26250,5,10,1000,40,4.5,3,20
348,350,26250,5,10,1000,40,4.5,3,20
349,350,26250,5,10,1000,40,4.5,1,20
350,350,26250,5,10,1000,40,4.5,2,20
351,350,26250,5,10,1000,40,4.5,0,20
352,350,26250,5,10,1000,40,4.5,3,20
353,350,26250,5,10,1000,40,4.5,2,20
354,350,26250,5,10,1000,40,4.5,0,20
355,350,26250,5,10,1000,40,4.5,0,20
356,350,26250,5,10,1000,40,4.5,1,20
357,350,26250,5,10,1000,40,4.5,2,20
358,350,26250,5,10,1000,40,4.5,2,20
359,350,26250,5,10,1000,40,4.5,3,20
360,350,26250,5,10,1000,40,4.5,2,20
361,350,26250,5,10,1000,40,4.5,3,20
362,350,26250,5,10,1000,40,4.5,1,20
363,350,26250,5,10,1000,40,4.5,1,20
364,350,26250,5,10,1000,40,4.5,1,20
365,350,26250,5,10,1000,40,4.5,2,20
366,350,26250,5,10,1000,40,4.5,1,20
367,350,26250,5,10,1000,40,4.5,1,20
368,350,26250,5,10,1000,40,4.5,2,20
369,350,26250,5,10,1000,40,4.5,1,20
370,350,26250,5,10,1000,40,4.5,0,20
371,350,26250,5,10,1000,40,4.5,3,20
372,350,26250,5,10,1000,40,4.5,2,20
373,350,26250,5,10,1000,40,4.5,2,20
374,350,26250,5,10,1000,40,4.5,3,20
375,350,26250,5,10,1000,40,4.5,1,20
376,350,26250,5,10,1000,40,4.5,1,20
377,350,26250,5,10,1000,40,4.5,2,20
378,350,26250,5,10,1000,40,4.5,1,20
379,350,26250,5,10,1000,40,4.5,1,20
380,350,26250,5,10,1000,40,4.5,2,20
381,350,26250,5,10,1000,40,4.5,1,20
382,350,26250,5,10,1000,40,4.5,2,20
383,350,26250,5,10,1000,40,4.5,3,20
384,350,26250,5,10,1000,40,4.5,1,20
385,350,26250,5,10,1000,40,4.5,0,20
386,350,26250,5,10,1000,40,4.5,0,20
387,350,26250,5,10,1000,40,4.5,3,20
388,350,26250,5,10,1000,40,4.5,0,20
389,350,26250,5,10,1000,40,4.5,0,20
390,350,26250,5,10,1000,40,4.5,3,20
391,350,26250,5,10,1000,40,4.5,2,20
392,350,26250,5,10,1000,40,4.5,3,20
393,350,26250,5,10,1000,40,4.5,0,20
394,350,26250,5,10,1000,40,4.5,2,20
395,350,26250,5,10,1000,40,4.5,2,20
396,350,26250,5,10,1000,40,4.5,0,20
397,350,26250,5,10,1000,40,4.5,3,20
398,350,26250,5,10,1000,40,4.5,1,20
399,350,26250,5,10,1000,40,4.5,2,20
400,350,26250,5,10,1000,40,4.5,3,20
401,350,26250,5,10,1000,40,4.5,1,20
402,350,26250,5,10,1000,40,4.5,0,20
403,350,26250,5,10,1000,40,4.5,0,20
404,350,26250,5,10,1000,40,4.5,1,20
405,350,26250,5,10,1000,40,4.5,3,20
406,350,26250,5,10,1000,40,4.5,2,20
407,350,26250,5,10,1000,40,4.5,2,20
408,350,26250,5,10,1000,40,4.5,2,20
409,350,26250,5,10,1000,40,4.5,1,20
410,350,26250,5,10,1000,40,4.5,2,20
411,350,26250,5,10,1000,40,4.5,2,20
412,350,26250,5,10,1000,40,4.5,1,20
413,350,26250,5,10,1000,40,4.5,3,20
414,350,26250,5,10,1000,40,4.5,1,20
415,350,26250,5,10,1000,40,4.5,3,20
416,350,26250,5,10,1000,40,4.5,2,20
417,350,26250,5,10,1000,40,4.5,3,20
418,350,26250,5,10,1000,40,4.5,1,20
419,350,26250,5,10,1000,40,4.5,3,20
420,350,26250,5,10,1000,40,4.5,3,20
421,350,26250,5,10,1000,40,4.5,0,20
422,350,26250,5,10,1000,40,4.5,0,20
423,350,26250,5,10,1000,40,4.5,3,20
424,350,26250,5,10,1000,40,4.5,2,20
425,350,26250,5,10,1000,40,4.5,2,20
426,350,26250,5,10,1000,40,4.5,1,20
427,350,26250,5,10,1000,40,4.5,2,20
428,350,26250,5,10,1000,40,4.5,3,20
429,350,26250,5,10,1000,40,4.5,1,20
430,350,26250,5,10,1000,40,4.5,2,20
431,350,26250,5,10,1000,40,4.5,1,20
432,350,26250,5,10,1000,40,4.5,1,20
433,350,26250,5,10,1000,40,4.5,1,20
434,350,26250,5,10,1000,40,4.5,2,20
435,350,26250,5,10,1000,40,4.5,0,20
436,350,26250,5,10,1000,40,4.5,1,20
437,350,26250,5,10,1000,40,4.5,2,20
438,350,26250,5,10,1000,40,4.5,3,20
439,350,26250,5,10,1000,40,4.5,0,20
440,350,26250,5,10,1000,40,4.5,0,20
441,350,26250,5,10,1000,40,4.5,1,20
442,350,26250,5,10,1000,40,4.5,2,20
443,350,26250,5,10,1000,40,4.5,2,20
444,350,26250,5,10,1000,40,4.5,1,20
445,350,26250,5,10,1000,40,4.5,3,20
446,350,26250,5,10,1000,40,4.5,3,20
447,350,26250,5,10,1000,40,4.5,2,20
448,350,26250,5,10,1000,40,4.5,1,20
449,350,26250,5,10,1000,40,4.5,1,20
450,350,26250,5,10,1000,40,4.5,3,20
451,350,26250,5,10,1000,40,4.5,0,20
452,350,26250,5,10,1000,40,4.5,2,20
453,350,26250,5,10,1000,40,4.5,3,20
454,350,26250,5,10,1000,40,4.5,2,20
455,350,26250,5,10,1000,40,4.5,0,20
456,350,26250,5,10,1000,40,4.5,0,20
457,350,26250,5,10,1000,40,4.5,2,20
458,350,26250,5,10,1000,40,4.5,1,20
459,350,26250,5,10,1000,40,4.5,0,20
460,350,26250,5,10,1000,40,4.5,2,20
461,350,26250,5,10,1000,40,4.5,1,20
462,350,26250,5,10,1000,40,4.5,2,20
463,350,26250,5,10,1000,40,4.5,1,20
464,350,26250,5,10,1000,40,4.5,0,20
465,350,26250,5,10,1000,40,4.5,0,20
466,350,26250,5,10,1000,40,4.5,0,20
467,350,26250,5,10,1000,40,4.5,2,20
468,350,26250,5,10,1000,40,4.5,2,20
469,350,26250,5,10,1000,40,4.5,0,20
470,350,26250,5,10,1000,40,4.5,0,20
471,350,26250,5,10,1000,40,4.5,0,20
472,350,26250,5,10,1000,40,4.5,3,20
473,350,26250,5,10,1000,40,4.5,3,20
474,350,26250,5,10,1000,40,4.5,0,20
475,350,26250,5,10,1000,40,4.5,3,20
476,350,26250,5,10,1000,40,4.5,1,20
477,350,26250,5,10,1000,40,4.5,2,20
478,350,26250,5,10,1000,40,4.5,3,20
479,350,26250,5,10,1000,40,4.5,2,20
480,350,26250,5,10,1000,40,4.5,1,20
481,350,26250,5,10,1000,40,4.5,1,20
482,350,26250,5,10,1000,40,4.5,0,20
483,350,26250,5,10,1000,40,4.5,0,20
484,350,26250,5,10,1000,40,4.5,2,20
485,350,26250,5,10,1000,40,4.5,1,20
486,350,26250,5,10,1000,40,4.5,0,20
487,350,26250,5,10,1000,40,4.5,2,20
488,350,26250,5,10,1000,40,4.5,2,20
489,350,26250,5,10,1000,40,4.5,3,20
490,350,26250,5,10,1000,40,4.5,2,20
491,350,26250,5,10,1000,40,4.5,2,20
492,350,26250,5,10,1000,40,4.5,0,20
493,350,26250,5,10,1000,40,4.5,0,20
494,350,26250,5,10,1000,40,4.5,3,20
495,350,26250,5,10,1000,40,4.5,2,20
496,350,26250,5,10,1000,40,4.5,2,20
497,350,26250,5,10,1000,40,4.5,2,20
498,350,26250,5,10,1000,40,4.5,2,20
499,350,26250,5,10,1000,40,4.5,1,20
500,350,26250,5,10,1000,40,4.5,0,20
501,350,26250,5,10,1000,40,4.5,1,20
502,350,26250,5,10,1000,40,4.5,0,20
503,350,26250,5,10,1000,40,4.5,2,20
504,350,26250,5,10,1000,40,4.5,2,20
505,350,26250,5,10,1000,40,4.5,0,20
506,350,26250,5,10,1000,40,4.5,1,20
507,350,26250,5,10,1000,40,4.5,3,20
508,350,26250,5,10,1000,40,4.5,0,20
509,350,26250,5,10,1000,40,4.5,1,20
510,350,26250,5,10,1000,40,4.5,3,20
511,350,26250,5,10,1000,40,4.5,1,20
512,350,26250,5,10,1000,40,4.5,2,20
513,350,26250,5,10,1000,40,4.5,2,20
514,350,26250,5,10,1000,40,4.5,3,20
515,350,26250,5,10,1000,40,4.5,0,20
516,350,26250,5,10,1000,40,4.5,0,20
517,350,26250,5,10,1000,40,4.5,1,20
518,350,26250,5,10,1000,40,4.5,2,20
519,350,26250,5,10,1000,40,4.5,0,20
520,350,26250,5,10,1000,40,4.5,3,20
521,350,26250,5,10,1000,40,4.5,3,20
522,350,26250,5,10,1000,40,4.5,2,20
523,350,26250,5,10,1000,40,4.5,0,20
524,350,26250,5,10,1000,40,4.5,3,20
525,350,26250,5,10,1000,40,4.5,3,20
526,350,26250,5,10,1000,40,4.5,0,20
527,350,26250,5,10,1000,40,4.5,0,20
528,350,26250,5,10,1000,40,4.5,1,20
529,350,26250,5,10,1000,40,4.5,3,20
530,350,26250,5,10,1000,40,4.5,3,20
531,350,26250,5,10,1000,40,4.5,3,20
532,350,26250,5,10,1000,40,4.5,0,20
533,350,26250,5,10,1000,40,4.5,2,20
534,350,26250,5,10,1000,40,4.5,0,20
535,350,26250,5,10,1000,40,4.5,0,20
536,350,26250,5,10,1000,40,4.5,0,20
537,350,26250,5,10,1000,40,4.5,2,20
538,350,26250,5,10,1000,40,4.5,1,20
539,350,26250,5,10,1000,40,4.5,3,20
540,350,26250,5,10,1000,40,4.5,2,20
541,350,26250,5,10,1000,40,4.5,2,20
542,350,26250,5,10,1000,40,4.5,3,20
543,350,26250,5,10,1000,40,4.5,2,20
544,350,26250,5,10,1000,40,4.5,3,20
545,350,26250,5,10,1000,40,4.5,3,20
546,350,26250,5,10,1000,40,4.5,0,20
547,350,26250,5,10,1000,40,4.5,0,20
548,350,26250,5,10,1000,40,4.5,3,20
549,350,26250,5,10,1000,40,4.5,2,20
550,350,26250,5,10,1000,40,4.5,3,20
551,350,26250,5,10,1000,40,4.5,2,20
552,350,26250,5,10,1000,40,4.5,0,20
553,350,26250,5,10,1000,40,4.5,2,20
554,350,26250,5,10,1000,40,4.5,2,20
555,350,26250,5,10,1000,40,4.5,0,20
556,350,26250,5,10,1000,40,4.5,2,20
557,350,26250,5,10,1000,40,4.5,0,20
558,350,26250,5,10,1000,40,4.5,2,20
559,350,26250,5,10,1000,40,4.5,2,20
560,350,26250,5,10,1000,40,4.5,2,20
561,350,26250,5,10,1000,40,4.5,1,20
562,350,26250,5,10,1000,40,4.5,0,20
563,350,26250,5,10,1000,40,4.5,0,20
564,350,26250,5,10,1000,40,4.5,0,20
565,350,26250,5,10,1000,40,4.5,0,20
566,350,26250,5,10,1000,40,4.5,0,20
567,350,26250,5,10,1000,40,4.5,3,20
568,350,26250,5,10,1000,40,4.5,2,20
569,350,26250,5,10,1000,40,4.5,0,20
570,350,26250,5,10,1000,40,4.5,3,20
571,350,26250,5,10,1000,40,4.5,0,20
572,350,26250,5,10,1000,40,4.5,3,20
573,350,26250,5,10,1000,40,4.5,2,20
574,350,26250,5,10,1000,40,4.5,3,20
575,350,26250,5,10,1000,40,4.5,2,20
576,350,26250,5,10,1000,40,4.5,0,20
577,350,26250,5,10,1000,40,4.5,1,20
578,350,26250,5,10,1000,40,4.5,0,20
579,350,26250,5,10,1000,40,4.5,0,20
580,350,26250,5,10,1000,40,4.5,1,20
581,350,26250,5,10,1000,40,4.5,3,20
582,350,26250,5,10,1000,40,4.5,3,20
583,350,26250,5,10,1000,40,4.5,3,20
584,350,26250,5,10,1000,40,4.5,0,20
585,350,26250,5,10,1000,40,4.5,1,20
586,350,26250,5,10,1000,40,4.5,2,20
587,350,26250,5,10,1000,40,4.5,1,20
588,350,26250,5,10,1000,40,4.5,0,20
589,350,26250,5,10,1000,40,4.5,2,20
590,350,26250,5,10,1000,40,4.5,2,20
591,350,26250,5,10,1000,40,4.5,1,20
592,350,26250,5,10,1000,40,4.5,0,20
593,350,26250,5,10,1000,40,4.5,3,20
594,350,26250,5,10,1000,40,4.5,2,20
595,350,26250,5,10,1000,40,4.5,3,20
596,350,26250,5,10,1000,40,4.5,2,20
597,350,26250,5,10,1000,40,4.5,2,20
598,350,26250,5,10,1000,40,4.5,1,20
599,350,26250,5,10,1000,40,4.5,0,20
600,350,26250,5,10,1000,40,4.5,3,20
601,350,26250,5,10,1000,40,4.5,1,20
602,350,26250,5,10,1000,40,4.5,3,20
603,350,26250,5,10,1000,40,4.5,3,20
604,350,26250,5,10,1000,40,4.5,3,20
605,350,26250,5,10,1000,40,4.5,0,20
606,350,26250,5,10,1000,40,4.5,3,20
607,350,26250,5,10,1000,40,4.5,3,20
608,350,26250,5,10,1000,40,4.5,2,20
609,350,26250,5,10,1000,40,4.5,2,20
610,350,26250,5,10,1000,40,4.5,1,20
611,350,26250,5,10,1000,40,4.5,1,20
612,350,26250,5,10,1000,40,4.5,1,20
613,350,26250,5,10,1000,40,4.5,1,20
614,350,26250,5,10,1000,40,4.5,3,20
615,350,26250,5,10,1000,40,4.5,2,20
616,350,26250,5,10,1000,40,4.5,0,20
617,350,26250,5,10,1000,40,4.5,3,20
618,350,26250,5,10,1000,40,4.5,0,20
619,350,26250,5,10,1000,40,4.5,3,20
620,350,26250,5,10,1000,40,4.5,2,20
621,350,26250,5,10,1000,40,4.5,3,20
622,350,26250,5,10,1000,40,4.5,0,20
623,350,26250,5,10,1000,40,4.5,2,20
624,350,26250,5,10,1000,40,4.5,3,20
625,350,26250,5,10,1000,40,4.5,3,20
626,350,26250,5,10,1000,40,4.5,0,20
627,350,26250,5,10,1000,40,4.5,2,20
628,350,26250,5,10,1000,40,4.5,3,20
629,350,26250,5,10,1000,40,4.5,2,20
630,350,26250,5,10,1000,40,4.5,1,20
631,350,26250,5,10,1000,40,4.5,2,20
632,350,26250,5,10,1000,40,4.5,3,20
633,350,26250,5,10,1000,40,4.5,3,20
634,350,26250,5,10,1000,40,4.5,3,20
635,350,26250,5,10,1000,40,4.5,0,20
636,350,26250,5,10,1000,40,4.5,0,20
637,350,26250,5,10,1000,40,4.5,1,20
638,350,26250,5,10,1000,40,4.5,2,20
639,350,26250,5,10,1000,40,4.5,0,20
640,350,26250,5,10,1000,40,4.5,2,20
641,350,26250,5,10,1000,40,4.5,0,20
642,350,26250,5,10,1000,40,4.5,2,20
643,350,26250,5,10,1000,40,4.5,2,20
644,350,26250,5,10,1000,40,4.5,2,20
645,350,26250,5,10,1000,40,4.5,3,20
646,350,26250,5,10,1000,40,4.5,1,20
647,350,26250,5,10,1000,40,4.5,3,20
648,350,26250,5,10,1000,40,4.5,1,20
649,350,26250,5,10,1000,40,4.5,1,20
650,350,26250,5,10,1000,40,4.5,0,20
651,350,26250,5,10,1000,40,4.5,1,20
652,350,26250,5,10,1000,40,4.5,0,20
653,350,26250,5,10,1000,40,4.5,3,20
654,350,26250,5,10,1000,40,4.5,3,20
655,350,26250,5,10,1000,40,4.5,3,20
656,350,26250,5,10,1000,40,4.5,0,20
657,350,26250,5,10,1000,40,4.5,0,20
658,350,26250,5,10,1000,40,4.5,3,20
659,350,26250,5,10,1000,40,4.5,1,20
660,350,26250,5,10,1000,40,4.5,1,20
661,350,26250,5,10,1000,40,4.5,1,20
662,350,26250,5,10,1000,40,4.5,3,20
663,350,26250,5,10,1000,40,4.5,0,20
664,350,26250,5,10,1000,40,4.5,2,20
665,350,26250,5,10,1000,40,4.5,0,20
666,350,26250,5,10,1000,40,4.5,1,20
667,350,26250,5,10,1000,40,4.5,3,20
668,350,26250,5,10,1000,40,4.5,2,20
669,350,26250,5,10,1000,40,4.5,2,20
670,350,26250,5,10,1000,40,4.5,2,20
671,350,26250,5,10,1000,40,4.5,3,20
672,350,26250,5,10,1000,40,4.5,2,20
673,350,26250,5,10,1000,40,4.5,2,20
674,350,26250,5,10,1000,40,4.5,3,20
675,350,26250,5,10,1000,40,4.5,1,20
676,350,26250,5,10,1000,40,4.5,1,20
677,350,26250,5,10,1000,40,4.5,2,20
678,350,26250,5,10,1000,40,4.5,2,20
679,350,26250,5,10,1000,40,4.5,1,20
680,350,26250,5,10,1000,40,4.5,3,20
681,350,26250,5,10,1000,40,4.5,1,20
682,350,26250,5,10,1000,40,4.5,0,20
683,350,26250,5,10,1000,40,4.5,3,20
684,350,26250,5,10,1000,40,4.5,3,20
685,350,26250,5,10,1000,40,4.5,0,20
686,350,26250,5,10,1000,40,4.5,0,20
687,350,26250,5,10,1000,40,4.5,3,20
688,350,26250,5,10,1000,40,4.5,1,20
689,350,26250,5,10,1000,40,4.5,1,20
690,350,26250,5,10,1000,40,4.5,1,20
691,350,26250,5,10,1000,40,4.5,3,20
692,350,26250,5,10,1000,40,4.5,1,20
693,350,26250,5,10,1000,40,4.5,3,20
694,350,26250,5,10,1000,40,4.5,3,20
695,350,26250,5,10,1000,40,4.5,3,20
696,350,26250,5,10,1000,40,4.5,1,20
697,350,26250,5,10,1000,40,4.5,0,20
698,350,26250,5,10,1000,40,4.5,0,20
699,350,26250,5,10,1000,40,4.5,3,20
700,350,26250,5,10,1000,40,4.5,0,20
701,350,26250,5,10,1000,40,4.5,2,20
702,350,26250,5,10,1000,40,4.5,2,20
703,350,26250,5,10,1000,40,4.5,1,20
704,350,26250,5,10,1000,40,4.5,0,20
705,350,26250,5,10,1000,40,4.5,1,20
706,350,26250,5,10,1000,40,4.5,1,20
707,350,26250,5,10,1000,40,4.5,0,20
708,350,26250,5,10,1000,40,4.5,3,20
709,350,26250,5,10,1000,40,4.5,1,20
710,350,26250,5,10,1000,40,4.5,1,20
711,350,26250,5,10,1000,40,4.5,1,20
712,350,26250,5,10,1000,40,4.5,3,20
713,350,26250,5,10,1000,40,4.5,1,20
714,350,26250,5,10,1000,40,4.5,1,20
715,350,26250,5,10,1000,40,4.5,3,20
716,350,26250,5,10,1000,40,4.5,3,20
717,350,26250,5,10,1000,40,4.5,3,20
718,350,26250,5,10,1000,40,4.5,3,20
719,350,26250,5,10,1000,40,4.5,2,20
720,350,26250,5,10,1000,40,4.5,3,20
721,350,26250,5,10,1000,40,4.5,2,20
722,350,26250,5,10,1000,40,4.5,2,20
723,350,26250,5,10,1000,40,4.5,3,20
724,350,26250,5,10,1000,40,4.5,0,20
725,350,26250,5,10,1000,40,4.5,2,20
726,350,26250,5,10,1000,40,4.5,3,20
727,350,26250,5,10,1000,40,4.5,1,20
728,350,26250,5,10,1000,40,4.5,1,20
729,350,26250,5,10,1000,40,4.5,3,20
730,350,26250,5,10,1000,40,4.5,0,20
731,350,26250,5,10,1000,40,4.5,3,20
732,350,26250,5,10,1000,40,4.5,0,20
733,350,26250,5,10,1000,40,4.5,2,20
734,350,26250,5,10,1000,40,4.5,3,20
735,350,26250,5,10,1000,40,4.5,0,20
736,350,26250,5,10,1000,40,4.5,2,20
737,350,26250,5,10,1000,40,4.5,1,20
738,350,26250,5,10,1000,40,4.5,2,20
739,350,26250,5,10,1000,40,4.5,3,20
740,350,26250,5,10,1000,40,4.5,2,20
741,350,26250,5,10,1000,40,4.5,1,20
742,350,26250,5,10,1000,40,4.5,1,20
743,350,26250,5,10,1000,40,4.5,2,20
744,350,26250,5,10,1000,40,4.5,0,20
745,350,26250,5,10,1000,40,4.5,0,20
746,350,26250,5,10,1000,40,4.5,3,20
747,350,26250,5,10,1000,40,4.5,2,20
748,350,26250,5,10,1000,40,4.5,0,20
749,350,26250,5,10,1000,40,4.5,3,20
750,350,26250,5,10,1000,40,4.5,1,20
751,350,26250,5,10,1000,40,4.5,3,20
752,350,26250,5,10,1000,40,4.5,0,20
753,350,26250,5,10,1000,40,4.5,2,20
754,350,26250,5,10,1000,40,4.5,2,20
755,350,26250,5,10,1000,40,4.5,2,20
756,350,26250,5,10,1000,40,4.5,0,20
757,350,26250,5,10,1000,40,4.5,0,20
758,350,26250,5,10,1000,40,4.5,1,20
759,350,26250,5,10,1000,40,4.5,3,20
760,350,26250,5,10,1000,40,4.5,2,20
761,350,26250,5,10,1000,40,4.5,1,20
762,350,26250,5,10,1000,40,4.5,0,20
763,350,26250,5,10,1000,40,4.5,2,20
764,350,26250,5,10,1000,40,4.5,3,20
765,350,26250,5,10,1000,40,4.5,2,20
766,350,26250,5,10,1000,40,4.5,0,20
767,350,26250,5,10,1000,40,4.5,3,20
768,350,26250,5,10,1000,40,4.5,3,20
769,350,26250,5,10,1000,40,4.5,3,20
770,350,26250,5,10,1000,40,4.5,0,20
771,350,26250,5,10,1000,40,4.5,0,20
772,350,26250,5,10,1000,40,4.5,3,20
773,350,26250,5,10,1000,40,4.5,3,20
774,350,26250,5,10,1000,40,4.5,0,20
775,350,26250,5,10,1000,40,4.5,3,20
776,350,26250,5,10,1000,40,4.5,2,20
777,350,26250,5,10,1000,40,4.5,1,20
778,350,26250,5,10,1000,40,4.5,3,20
779,350,26250,5,10,1000,40,4.5,1,20
780,350,26250,5,10,1000,40,4.5,1,20
781,350,26250,5,10,1000,40,4.5,3,20
782,350,26250,5,10,1000,40,4.5,2,20
783,350,26250,5,10,1000,40,4.5,1,20
784,350,26250,5,10,1000,40,4.5,2,20
785,350,26250,5,10,1000,40,4.5,2,20
786,350,26250,5,10,1000,40,4.5,0,20
787,350,26250,5,10,1000,40,4.5,1,20
788,350,26250,5,10,1000,40,4.5,0,20
789,350,26250,5,10,1000,40,4.5,1,20
790,350,26250,5,10,1000,40,4.5,1,20
791,350,26250,5,10,1000,40,4.5,1,20
792,350,26250,5,10,1000,40,4.5,1,20
793,350,26250,5,10,1000,40,4.5,3,20
794,350,26250,5,10,1000,40,4.5,1,20
795,350,26250,5,10,1000,40,4.5,2,20
796,350,26250,5,10,1000,40,4.5,2,20
797,350,26250,5,10,1000,40,4.5,0,20
798,350,26250,5,10,1000,40,4.5,0,20
799,350,26250,5,10,1000,40,4.5,1,20
800,350,26250,5,10,1000,40,4.5,0,20
801,350,26250,5,10,1000,40,4.5,1,20
802,350,26250,5,10,1000,40,4.5,1,20
803,350,26250,5,10,1000,40,4.5,1,20
804,350,26250,5,10,1000,40,4.5,2,20
805,350,26250,5,10,1000,40,4.5,1,20
806,350,26250,5,10,1000,40,4.5,0,20
807,350,26250,5,10,1000,40,4.5,1,20
808,350,26250,5,10,1000,40,4.5,0,20
809,350,26250,5,10,1000,40,4.5,0,20
810,350,26250,5,10,1000,40,4.5,0,20
811,350,26250,5,10,1000,40,4.5,1,20
812,350,26250,5,10,1000,40,4.5,2,20
813,350,26250,5,10,1000,40,4.5,3,20
814,350,26250,5,10,1000,40,4.5,3,20
815,350,26250,5,10,1000,40,4.5,2,20
816,350,26250,5,10,1000,40,4.5,2,20
817,350,26250,5,10,1000,40,4.5,1,20
818,350,26250,5,10,1000,40,4.5,3,20
819,350,26250,5,10,1000,40,4.5,2,20
820,350,26250,5,10,1000,40,4.5,0,20
821,350,26250,5,10,1000,40,4.5,3,20
822,350,26250,5,10,1000,40,4.5,3,20
823,350,26250,5,10,1000,40,4.5,0,20
824,350,26250,5,10,1000,40,4.5,3,20
825,350,26250,5,10,1000,40,4.5,3,20
826,350,26250,5,10,1000,40,4.5,3,20
827,350,26250,5,10,1000,40,4.5,0,20
828,350,26250,5,10,1000,40,4.5,1,20
829,350,26250,5,10,1000,40,4.5,1,20
830,350,26250,5,10,1000,40,4.5,3,20
831,350,26250,5,10,1000,40,4.5,2,20
832,350,26250,5,10,1000,40,4.5,0,20
833,350,26250,5,10,1000,40,4.5,0,20
834,350,26250,5,10,1000,40,4.5,1,20
835,350,26250,5,10,1000,40,4.5,0,20
836,350,26250,5,10,1000,40,4.5,0,20
837,350,26250,5,10,1000,40,4.5,0,20
838,350,26250,5,10,1000,40,4.5,2,20
839,350,26250,5,10,1000,40,4.5,2,20
840,350,26250,5,10,1000,40,4.5,1,20
841,350,26250,5,10,1000,40,4.5,2,20
842,350,26250,5,10,1000,40,4.5,3,20
843,350,26250,5,10,1000,40,4.5,2,20
844,350,26250,5,10,1000,40,4.5,3,20
845,350,26250,5,10,1000,40,4.5,0,20
846,350,26250,5,10,1000,40,4.5,1,20
847,350,26250,5,10,1000,40,4.5,3,20
848,350,26250,5,10,1000,40,4.5,3,20
849,350,26250,5,10,1000,40,4.5,2,20
850,350,26250,5,10,1000,40,4.5,0,20
851,350,26250,5,10,1000,40,4.5,2,20
852,350,26250,5,10,1000,40,4.5,3,20
853,350,26250,5,10,1000,40,4.5,2,20
854,350,26250,5,10,1000,40,4.5,1,20
855,350,26250,5,10,1000,40,4.5,2,20
856,350,26250,5,10,1000,40,4.5,3,20
857,350,26250,5,10,1000,40,4.5,2,20
858,350,26250,5,10,1000,40,4.5,0,20
859,350,26250,5,10,1000,40,4.5,2,20
860,350,26250,5,10,1000,40,4.5,2,20
861,350,26250,5,10,1000,40,4.5,1,20
862,350,26250,5,10,1000,40,4.5,1,20
863,350,26250,5,10,1000,40,4.5,1,20
864,350,26250,5,10,1000,40,4.5,0,20
865,350,26250,5,10,1000,40,4.5,0,20
866,350,26250,5,10,1000,40,4.5,2,20
867,350,26250,5,10,1000,40,4.5,0,20
868,350,26250,5,10,1000,40,4.5,3,20
869,350,26250,5,10,1000,40,4.5,2,20
870,350,26250,5,10,1000,40,4.5,1,20
871,350,26250,5,10,1000,40,4.5,1,20
872,350,26250,5,10,1000,40,4.5,0,20
873,350,26250,5,10,1000,40,4.5,1,20
874,350,26250,5,10,1000,40,4.5,0,20
875,350,26250,5,10,1000,40,4.5,2,20
876,350,26250,5,10,1000,40,4.5,3,20
877,350,26250,5,10,1000,40,4.5,2,20
878,350,26250,5,10,1000,40,4.5,1,20
879,350,26250,5,10,1000,40,4.5,1,20
880,350,26250,5,10,1000,40,4.5,1,20
881,350,26250,5,10,1000,40,4.5,2,20
882,350,26250,5,10,1000,40,4.5,1,20
883,350,26250,5,10,1000,40,4.5,0,20
884,350,26250,5,10,1000,40,4.5,2,20
885,350,26250,5,10,1000,40,4.5,3,20
886,350,26250,5,10,1000,40,4.5,1,20
887,350,26250,5,10,1000,40,4.5,1,20
888,350,26250,5,10,1000,40,4.5,1,20
889,350,26250,5,10,1000,40,4.5,3,20
890,350,26250,5,10,1000,40,4.5,2,20
891,350,26250,5,10,1000,40,4.5,2,20
892,350,26250,5,10,1000,40,4.5,0,20
893,350,26250,5,10,1000,40,4.5,1,20
894,350,26250,5,10,1000,40,4.5,2,20
895,350,26250,5,10,1000,40,4.5,0,20
896,350,26250,5,10,1000,40,4.5,2,20
897,350,26250,5,10,1000,40,4.5,1,20
898,350,26250,5,10,1000,40,4.5,3,20
899,350,26250,5,10,1000,40,4.5,3,20
900,350,26250,5,10,1000,40,4.5,2,20
901,350,26250,5,10,1000,40,4.5,0,20
902,350,26250,5,10,1000,40,4.5,0,20
903,350,26250,5,10,1000,40,4.5,2,20
904,350,26250,5,10,1000,40,4.5,3,20
905,350,26250,5,10,1000,40,4.5,0,20
906,350,26250,5,10,1000,40,4.5,2,20
907,350,26250,5,10,1000,40,4.5,0,20
908,350,26250,5,10,1000,40,4.5,1,20
909,350,26250,5,10,1000,40,4.5,1,20
910,350,26250,5,10,1000,40,4.5,1,20
911,350,26250,5,10,1000,40,4.5,3,20
912,350,26250,5,10,1000,40,4.5,2,20
913,350,26250,5,10,1000,40,4.5,2,20
914,350,26250,5,10,1000,40,4.5,2,20
915,350,26250,5,10,1000,40,4.5,3,20
916,350,26250,5,10,1000,40,4.5,2,20
917,350,26250,5,10,1000,40,4.5,3,20
918,350,26250,5,10,1000,40,4.5,0,20
919,350,26250,5,10,1000,40,4.5,0,20
920,350,26250,5,10,1000,40,4.5,3,20
921,350,26250,5,10,1000,40,4.5,0,20
922,350,26250,5,10,1000,40,4.5,3,20
923,350,26250,5,10,1000,40,4.5,3,20
924,350,26250,5,10,1000,40,4.5,3,20
925,350,26250,5,10,1000,40,4.5,3,20
926,350,26250,5,10,1000,40,4.5,3,20
927,350,26250,5,10,1000,40,4.5,2,20
928,350,26250,5,10,1000,40,4.5,1,20
929,350,26250,5,10,1000,40,4.5,0,20
930,350,26250,5,10,1000,40,4.5,3,20
931,350,26250,5,10,1000,40,4.5,3,20
932,350,26250,5,10,1000,40,4.5,1,20
933,350,26250,5,10,1000,40,4.5,3,20
934,350,26250,5,10,1000,40,4.5,1,20
935,350,26250,5,10,1000,40,4.5,3,20
936,350,26250,5,10,1000,40,4.5,0,20
937,350,26250,5,10,1000,40,4.5,0,20
938,350,26250,5,10,1000,40,4.5,0,20
939,350,26250,5,10,1000,40,4.5,3,20
940,350,26250,5,10,1000,40,4.5,1,20
941,350,26250,5,10,1000,40,4.5,3,20
942,350,26250,5,10,1000,40,4.5,2,20
943,350,26250,5,10,1000,40,4.5,2,20
944,350,26250,5,10,1000,40,4.5,0,20
945,350,26250,5,10,1000,40,4.5,0,20
946,350,26250,5,10,1000,40,4.5,1,20
947,350,26250,5,10,1000,40,4.5,1,20
948,350,26250,5,10,1000,40,4.5,2,20
949,350,26250,5,10,1000,40,4.5,2,20
950,350,26250,5,10,1000,40,4.5,0,20
951,350,26250,5,10,1000,40,4.5,2,20
952,350,26250,5,10,1000,40,4.5,2,20
953,350,26250,5,10,1000,40,4.5,1,20
954,350,26250,5,10,1000,40,4.5,2,20
955,350,26250,5,10,1000,40,4.5,2,20
956,350,26250,5,10,1000,40,4.5,0,20
957,350,26250,5,10,1000,40,4.5,1,20
958,350,26250,5,10,1000,40,4.5,3,20
959,350,26250,5,10,1000,40,4.5,3,20
960,350,26250,5,10,1000,40,4.5,0,20
961,350,26250,5,10,1000,40,4.5,2,20
962,350,26250,5,10,1000,40,4.5,2,20
963,350,26250,5,10,1000,40,4.5,3,20
964,350,26250,5,10,1000,40,4.5,0,20
965,350,26250,5,10,1000,40,4.5,2,20
966,350,26250,5,10,1000,40,4.5,2,20
967,350,26250,5,10,1000,40,4.5,1,20
968,350,26250,5,10,1000,40,4.5,0,20
969,350,26250,5,10,1000,40,4.5,3,20
970,350,26250,5,10,1000,40,4.5,1,20
971,350,26250,5,10,1000,40,4.5,0,20
972,350,26250,5,10,1000,40,4.5,1,20
973,350,26250,5,10,1000,40,4.5,2,20
974,350,26250,5,10,1000,40,4.5,0,20
975,350,26250,5,10,1000,40,4.5,3,20
976,350,26250,5,10,1000,40,4.5,3,20
977,350,26250,5,10,1000,40,4.5,1,20
978,350,26250,5,10,1000,40,4.5,0,20
979,350,26250,5,10,1000,40,4.5,0,20
980,350,26250,5,10,1000,40,4.5,1,20
981,350,26250,5,10,1000,40,4.5,0,20
982,350,26250,5,10,1000,40,4.5,1,20
983,350,26250,5,10,1000,40,4.5,0,20
984,350,26250,5,10,1000,40,4.5,0,20
985,350,26250,5,10,1000,40,4.5,2,20
986,350,26250,5,10,1000,40,4.5,3,20
987,350,26250,5,10,1000,40,4.5,3,20
988,350,26250,5,10,1000,40,4.5,3,20
989,350,26250,5,10,1000,40,4.5,1,20
990,350,26250,5,10,1000,40,4.5,1,20
991,350,26250,5,10,1000,40,4.5,3,20
992,350,26250,5,10,1000,40,4.5,1,20
993,350,26250,5,10,1000,40,4.5,2,20
994,350,26250,5,10,1000,40,4.5,3,20
995,350,26250,5,10,1000,40,4.5,2,20
996,350,26250,5,10,1000,40,4.5,1,20
997,350,26250,5,10,1000,40,4.5,3,20
998,350,26250,5,10,1000,40,4.5,1,20
998,350,26250,5,10,1000,40,4.5,1,20